request_id,steps
chatcmpl-2e97d131-5e31-4fbe-8bd3-99b05fe11c0a,1
chatcmpl-83193f50-a640-42b9-a7fb-f2b00a8501d3,1
chatcmpl-8223ca64-91aa-4584-9133-7304e0e9f4cb,1
chatcmpl-b0b792d1-ada3-4e7e-a1e5-9c0bb794fb52,1
chatcmpl-21832e1d-97e3-491f-929b-c0348efc8a0e,1
chatcmpl-cafbf689-c3a0-4db0-b274-68e71d3fdacf,1
chatcmpl-eec0641c-5edb-45b4-a432-c458f560aca4,1
chatcmpl-69161933-e08e-4dff-91f0-acb05b7d353a,1
chatcmpl-e44d9d10-756c-492b-86f6-e0c66c668bb6,1
chatcmpl-a4497065-eac0-4ec7-8682-dd533d3461e2,1
chatcmpl-05017e9b-c52c-45c6-ac85-0be36f2466a8,1
chatcmpl-557962d5-9065-45c2-bb95-332eace5f166,1
chatcmpl-c75da790-3f18-45ea-b96c-988984881d83,1
chatcmpl-55185007-2bed-4975-9f5d-b21f067d0ccf,1
chatcmpl-6db108ea-c242-4184-bc41-98dd07c9e7bf,1
chatcmpl-a02143ed-181f-4ea2-8f58-29759bb9d51c,1
chatcmpl-791cbfcd-28c7-4486-9244-d7850b434153,1
chatcmpl-d112bf09-382e-44c0-baf3-247ef1d09268,1
chatcmpl-5880d4df-3ce6-4b35-b04c-76a3b12e7983,1
chatcmpl-6e500d40-c9b2-4419-9f9c-dd52b047d1f2,1
chatcmpl-aeb30bfe-30bc-4835-b3f5-aea277414b3f,1
chatcmpl-e95d5463-1e3c-412c-922c-42dc3bdb2299,1
chatcmpl-c11c4b2a-12f6-4df6-aa49-927807798464,1
chatcmpl-ab850261-0117-4251-902a-fb16b5997bcf,1
chatcmpl-dbe89829-7d1d-4efe-b0b4-9676fcd802f1,1
chatcmpl-3e7b6ab5-989b-4c46-a147-e99c6a442b25,1
chatcmpl-5ef5f880-54b3-47e4-a0dd-f9c59ab93a65,1
chatcmpl-99edfbc2-4b2f-4095-b331-80524e3b8b82,1
chatcmpl-809af23d-c038-4db4-9976-c9cea1811511,1
chatcmpl-78d8d5b9-96e3-4720-8c3b-328b1030cfe9,1
chatcmpl-f8a53550-d763-42ed-9cc6-01bf363ac5c5,1
chatcmpl-3bf8f6f2-07ec-477c-a354-e4645345d0a9,1
chatcmpl-596db650-03b7-4771-a1e8-4a570a1dba59,1
chatcmpl-220983a4-aba4-489d-9856-a9adc720b119,1
chatcmpl-5262f3a6-954c-4a1f-bb7b-5cd373fb0e3d,1
chatcmpl-408ba422-8609-418d-8711-34bbda93f3f1,1
chatcmpl-8eebec1a-c111-4283-afe3-f67909b0728a,1
chatcmpl-b130b914-b3d8-4ce7-8eae-631c08b774d7,1
chatcmpl-5046c4dd-4b81-451e-9615-6b74a6a43b6e,1
chatcmpl-f17cd573-1432-467b-980b-1887c2ea526b,1
chatcmpl-c8701aad-55c0-4e0b-8c57-6ed452dc547a,1
chatcmpl-2851cb9c-e9bc-4888-bf53-4eaf72932486,1
chatcmpl-ecb30e28-8fdb-4726-9c22-151c99ec9ef4,1
chatcmpl-f4ee76b3-d5b4-45d8-a9e2-aa821d7683aa,1
chatcmpl-cb2ff96e-be83-454a-8c12-1da3bf15a06d,1
chatcmpl-9d2aa816-9e3e-408f-94a1-afa0e051c2f2,1
chatcmpl-1b9c2c4c-327e-4260-b666-8b8af3c59cd6,1
chatcmpl-a270ef93-9d97-46c5-a389-52070c1ee34d,1
chatcmpl-fdad91ca-f4c7-48b9-b084-6eab4c9be315,1
chatcmpl-594b8cf7-0227-4066-85c1-81556fb9d272,1
chatcmpl-57c3b6e8-b09c-4039-b6f1-474166f590cc,1
chatcmpl-1c8fec43-11c3-4341-bc6a-39eb03a37f76,1
chatcmpl-1e4d05b1-1282-4893-9572-61ef1a047db6,1
chatcmpl-8837fd9a-c5e7-447f-8fe2-d8e3d238adb6,1
chatcmpl-0677e8ae-1091-40a9-aabd-4825bc3635a0,1
chatcmpl-94f2048b-b993-4fe2-b680-94a22a8233ca,1
chatcmpl-d73b610f-9753-40df-b745-b2e2196a6c00,1
chatcmpl-f48dd11a-35db-4746-9690-89354ff77c6f,1
chatcmpl-c8aff51a-c52d-4874-bb41-12f91af55af8,1
chatcmpl-7fa5cd40-260d-41d2-b4a4-1d153e6fe6a6,1
chatcmpl-caa49a4c-2e20-4805-a460-a9a7880ccb2b,1
chatcmpl-9d739e53-51a0-4101-b809-7b5d6214a806,1
chatcmpl-95300336-8782-4f7f-96b7-c0765a65ebe2,1
chatcmpl-a868502b-ecb5-4ef8-a738-bac167ca1094,1
chatcmpl-086bced5-18ad-4fd2-a1b3-9e33af46eaad,1
chatcmpl-7a6a7b2e-a011-4444-9f4c-738a1f19c179,1
chatcmpl-9f591985-cff0-4667-ac7d-3425d4140be1,1
chatcmpl-8630efa7-fee8-4f50-98ba-b7cf94f486de,1
chatcmpl-f513e49b-a55e-4252-a07a-bf5cea85b41d,1
chatcmpl-3f4d6ba1-05af-4386-bdbf-798e230155a2,1
chatcmpl-87f21beb-13ad-4762-864b-b9a33e9914aa,1
chatcmpl-13476681-5d2f-4cc0-b857-f7f985db21a0,1
chatcmpl-2ce88656-f614-4b90-b934-4963a3a3b273,1
chatcmpl-fed0aca5-401f-4b3f-abcb-f93add0df2f5,1
chatcmpl-d8c1716a-f35e-4405-b51f-88e330624eae,1
chatcmpl-f8c6ac50-2438-4681-8a55-7d862c299bcc,1
chatcmpl-2997e9a3-f981-40d6-bc3f-5c70a097a5f8,1
chatcmpl-90286e6e-95d6-4071-b2e2-4518c2b7a055,1
chatcmpl-06d18db4-2a3d-40be-b602-7879e7b44e5b,1
chatcmpl-22b11fd0-07c8-468d-89fa-c003b5a3a1a1,1
chatcmpl-a69a0ac8-c82a-4779-a8b5-ce64716c5a79,1
chatcmpl-d565d44b-853e-4074-b9d0-b51c2efbd7a8,1
chatcmpl-41c61929-5458-4a2d-b8c0-9685edf28e5a,1
chatcmpl-34b8daab-0af2-4b7e-a8bc-5229de0350ba,1
chatcmpl-bbe4bdb5-2f8f-4771-b419-109dacc02de3,1
chatcmpl-b89b3031-e473-4500-bc51-bc4b42e9810e,1
chatcmpl-af5fa0e4-7013-4b04-ade4-c02195faea40,1
chatcmpl-ed0aad83-f43b-4ffc-b4f4-4d5da983f4b9,1
chatcmpl-4f194450-4f2b-45cc-a91c-94481e331541,1
chatcmpl-a59d0b7a-f95b-4df4-bf30-7913864ffadd,1
chatcmpl-1700bcdc-1a64-4666-a076-c84976784bc2,1
chatcmpl-35a1b8ab-5dd3-4097-a2a4-9f8050ffae16,1
chatcmpl-0542ab0b-5ab1-42b6-aa03-d29b6fcd5655,1
chatcmpl-34b66862-c072-4c6b-a4a9-e5aa64bb136b,1
chatcmpl-ecc056e4-94c7-4714-95fb-fa705cce00b5,1
chatcmpl-221ae28a-7401-44b6-9162-0d1226ef5213,1
chatcmpl-f90817a8-37a4-408b-b7c2-c7abe03cb2f1,1
chatcmpl-ed4c7ea0-7deb-41a2-a72d-6b251536386b,1
chatcmpl-eef6e6ff-a3f0-42e4-9f89-f456b342899e,1
chatcmpl-40e8da6d-989c-4136-bf44-03852fe3d381,1
chatcmpl-85d60d47-ec22-4b10-b4c5-11b4374e70b1,1
chatcmpl-5589aaf1-5058-4ab0-a9ab-012f86b7b50c,1
chatcmpl-98cfceb3-753b-4885-83d6-9dc44a6de13a,1
chatcmpl-cbb46d4d-0827-4727-bd2a-f58788cfe1f6,1
chatcmpl-194421ca-2fc3-444f-a9b5-8a31c103a7a0,1
chatcmpl-e62dd07e-18bb-41df-a9ed-eedbe9e98cb6,1
chatcmpl-4aa7ea79-d813-46a6-93e8-a8763eaf544b,1
chatcmpl-faacba73-4360-44d6-a559-4ce9e4ff1c11,1
chatcmpl-1467aaf5-6e53-41f6-b894-e2ba0dfe3d85,1
chatcmpl-c49d7327-d88a-4ae8-a394-f4b4a90f707d,1
chatcmpl-9715968f-1973-4869-b42e-3e843e545fb0,1
chatcmpl-e7070d86-6e29-4589-9789-7b0ec792e065,1
chatcmpl-32dc14ab-a49f-4ec3-9180-be42686ccae1,1
chatcmpl-648ef0d0-61be-4b72-8c50-cfcabb0694e8,1
chatcmpl-43c0bb08-db6d-4633-8018-6dd829ac4e63,1
chatcmpl-05eaa68d-a577-42c4-a73e-231b53792f84,1
chatcmpl-8b817e4b-27ee-41b6-8e2b-51f2a40f4f5e,1
chatcmpl-2d1919cf-ea51-4f9c-b0b4-1012a4c40d25,1
chatcmpl-1b0316f6-7035-4d0a-89ef-89b69f2359fb,1
chatcmpl-05d85465-18cb-493a-bd60-424eccb36b9a,1
chatcmpl-0ea9b0b0-7d29-456e-a82a-1ad3b692cad9,1
chatcmpl-ca609fb8-5aae-4c35-9c46-b546419f80cb,1
chatcmpl-550ea40f-2ccd-415d-b8af-2d7c8ca906c2,1
chatcmpl-37899086-0080-4b1e-b0d9-a89518cc2ce1,1
chatcmpl-4b3a524b-4d63-4ee6-8811-4b056b18b2c2,1
chatcmpl-bf59e9e9-b2da-4e68-a0f9-cfe1fb978a13,1
chatcmpl-48b5deff-17fa-4c3f-9fb7-dacd40a1bf9e,1
chatcmpl-d32f1e08-4b40-46e7-8012-2ab029adb94b,1
chatcmpl-c20755e0-3804-4024-9a17-8a9255814115,1
chatcmpl-241e276d-b1df-466e-b32f-9ddb0ac57a23,1
chatcmpl-85e9d03e-006b-4a0c-8507-8934b8a6b150,1
chatcmpl-35207b15-0a4b-4625-887b-6fac56bca167,1
chatcmpl-3d54bcfe-e1cd-4c2d-a5b4-acdae4735866,1
chatcmpl-219ac983-94f5-4e51-a86b-d245e67fcd9d,1
chatcmpl-3ec0ce85-467e-40fe-8672-1d6e7816ed22,1
chatcmpl-77a0a9a3-1565-440b-b709-ab696707f0d3,1
chatcmpl-cc659cdf-dcd9-4bd2-a3cf-cba24554da8b,1
chatcmpl-9124bc27-a8e9-409d-99da-7c9485da16dc,1
chatcmpl-7ea74e31-5221-408c-a965-87541e49a869,1
chatcmpl-99c7866b-0609-4ee8-a327-40be65bed18f,1
chatcmpl-48a650fa-a27b-419e-bfe2-cffc0285ca31,1
chatcmpl-3da10970-3567-4bf8-bb9a-5a21e8d69bc3,1
chatcmpl-78df5ed5-30d3-47e6-9f66-8ecb1cde7ab0,1
chatcmpl-b265b5b0-a1b9-414f-bfff-06d49582cae4,1
chatcmpl-45fa1c89-26d7-438c-9843-e813892ba3f2,1
chatcmpl-3ee53d3c-d784-4e54-b62f-910be45d58ba,1
chatcmpl-a1fa0046-2a46-4172-abed-7b6c63d1eb53,1
chatcmpl-7ab24920-1697-4dda-8eae-c86bbf577182,1
chatcmpl-155fa772-ce8a-4510-9b20-e107ac781f7f,1
chatcmpl-88386a54-4180-4a85-96e9-28a702133885,1
chatcmpl-af3f5046-236a-482f-b160-21b89c0877b4,1
chatcmpl-4d8b8cbb-633b-40fa-bdc1-41ee7e8bc207,1
chatcmpl-b96195ce-837c-456d-9e39-67cfb185666c,1
chatcmpl-f82ceee1-20eb-4c68-b48d-a6f2c1c6d7b9,1
chatcmpl-34f88562-6946-448c-a227-e6e582c26e3e,1
chatcmpl-cbcb6718-3ac6-460d-aa91-cf8d922ab625,1
chatcmpl-aeb603c9-5cea-45de-b86a-f5bc8924feda,1
chatcmpl-342a0aca-8636-42d1-ade8-64ce53a6f9d9,1
chatcmpl-9576415f-6200-4348-a1fd-225cee5d4e61,1
chatcmpl-6bae8955-8828-45dd-b5db-a9c711953afe,1
chatcmpl-4314ea09-4fba-4c4c-aca2-260fb54620f7,1
chatcmpl-dc041c09-9153-499b-b273-b16865f633ae,1
chatcmpl-61b38179-3f4a-4104-a020-c845a5397165,1
chatcmpl-4f7d8dec-3e6b-4901-9bcd-cf162317e5b9,1
chatcmpl-9cfe2f15-71c7-477b-8712-e206fb90ce9a,1
chatcmpl-146981d7-ea5d-426e-8187-e21dce4229ed,1
chatcmpl-1e34c8d0-f832-4f42-ae6b-d0f9fee56603,1
chatcmpl-baeb3602-d144-45ed-b081-7238bbfcfb37,1
chatcmpl-c7027202-6c40-4cf8-be3d-4d62fa652ca5,1
chatcmpl-0fa155ac-efb7-4b6a-a34e-0f48f3e89c48,1
chatcmpl-e3dfe7fb-59c4-4004-88bd-8cf63beca18a,1
chatcmpl-493554a7-c21f-41ab-af89-512c40bcd706,1
chatcmpl-0b873b17-9837-4845-ba46-83d80dcff72b,1
chatcmpl-0fde3bfc-f220-4695-a702-fa3b1729710d,1
chatcmpl-9d48ec62-7fe4-4920-a5d8-e15f03c2e33a,1
chatcmpl-e9137de8-b315-46fc-a1a5-e62e7e17a8fe,1
chatcmpl-ae74fed4-ccf3-46d4-9e3e-9e49f6425547,1
chatcmpl-4eb32149-b381-46fb-ad08-9c99b2431679,1
chatcmpl-722d972c-c4e9-4af3-b0f1-884511bd0dc3,1
chatcmpl-1d8a88df-f25b-4c1a-8129-181f3fbd277d,1
chatcmpl-2b25bec4-15e3-432c-95f1-4d979b605be4,1
chatcmpl-a22cecb1-3ccc-42e3-abed-7d367ea09062,1
chatcmpl-0a9bd8ae-7ace-46ce-bb6c-e142566ff869,1
chatcmpl-0fdbc075-a43a-477f-8b93-d8f678c579e0,1
chatcmpl-83d746fd-a0cf-44f8-bb4b-4a8131ee7769,1
chatcmpl-32197c8a-5354-477d-9894-ebf5294b2a46,1
chatcmpl-364e57f0-2974-42fb-b567-190519e4811c,1
chatcmpl-d9939277-5f8d-435e-a5ea-72c2fcd75c3e,1
chatcmpl-061dddfb-b028-4fa0-ab79-4a7068faf384,1
chatcmpl-141db071-d901-4021-8613-9b4668947765,1
chatcmpl-8205c5d9-a065-49c7-9806-9473e7399869,1
chatcmpl-f248ff4d-e785-4db7-819a-8011edb2021c,1
chatcmpl-3d693b4e-e515-4cb4-9e5d-f3d1dc5f05d7,1
chatcmpl-ec8c4021-f459-4e63-b0d5-4efa30df06e4,1
chatcmpl-80756741-d31a-4d61-ba8e-45abdcf9f7a4,1
chatcmpl-ac8ff52e-9485-487a-9edd-519568f9b543,1
chatcmpl-fe67d9b9-b93b-4f8a-9401-3ec0e82c11cb,1
chatcmpl-a929f1cb-512d-45eb-bbfb-d671baa86c55,1
chatcmpl-77dac3e4-b44c-4cc3-8eab-b54e52a14085,1
chatcmpl-053bf5c5-5799-4a52-b9bc-0b6d09b5b4bd,1
chatcmpl-0f9a6b95-589e-455f-ba9c-f8dddd867ab4,1
chatcmpl-f515c65a-76a3-455d-8baa-63d0d13b5fcd,1
chatcmpl-0a3d5447-3c7d-479b-84c3-3ed51ab93727,1
chatcmpl-1d30a42f-e294-489c-bbec-02930cf514f6,1
chatcmpl-28f19718-6b07-4305-89b7-7dfc6aafb289,1
chatcmpl-a9c5a0d8-642e-4789-bf2e-e3c2018d51b0,1
chatcmpl-bdfb2fae-b3b0-4072-b4f2-b7fa68f2c9dd,1
chatcmpl-6518d9bd-ffba-464f-9d42-92f512c227f1,1
chatcmpl-9c7ddb31-883d-4164-a44c-9e1078c803b1,1
chatcmpl-71c6fb44-f25d-4fe1-95b3-2dcc213d1107,1
chatcmpl-52070e03-75a5-4e66-83b3-3b3c93ed4daf,1
chatcmpl-2a6754d9-4d6c-433e-93d3-97d9b786f8bf,1
chatcmpl-a1089b05-360e-476b-a8c2-0bde3d972d89,1
chatcmpl-71ceb749-3d89-44ff-a0ab-af90ebb867b4,1
chatcmpl-189a5dca-b7c5-4c3d-a50b-539d7edba30e,1
chatcmpl-e5c655d3-3e6d-4c69-8c51-dfae3e23a851,1
chatcmpl-2ca4aff7-7802-4ca4-8aab-cb5df21d46ba,1
chatcmpl-dfb801de-8377-426b-9450-c77e63044780,1
chatcmpl-2b08049d-9fa2-44cd-b1ea-4d1f981d68da,1
chatcmpl-4896084f-8ef1-4f33-8fa4-db8dceb0a6cb,1
chatcmpl-102631a3-5e37-453e-b6c8-10d70b8943c6,1
chatcmpl-1b61b7eb-dcf5-456a-b804-f6c6e1c4a7dc,1
chatcmpl-06e7eb8e-b181-42c3-90b9-885f7bc28be7,1
chatcmpl-562f2982-06df-4165-864a-0daa15ee5451,1
chatcmpl-4611ff7b-d205-4b90-b379-2acbc8f05c8a,1
chatcmpl-18e29b42-cd27-444f-8793-b42162e212b5,1
chatcmpl-d1c8a362-4705-475a-a4af-6bcd258cef63,1
chatcmpl-61f28cee-9e29-4a4f-9cfd-8be7b546f937,1
chatcmpl-6c54af6f-fb72-430c-8150-f0e681524037,1
chatcmpl-0fabe26b-70f4-4550-a9ae-90170e4ae061,1
chatcmpl-531312f5-0705-49be-b166-8954b8ef52ff,1
chatcmpl-fdec7c59-d86d-4cbb-a301-e988ce5ab90b,1
chatcmpl-21dd81c8-9251-4a61-b0c3-2dbb950f89aa,1
chatcmpl-d1e9db4b-d85a-4d30-a070-b053c4df23a7,1
chatcmpl-343a7bc2-7b3f-4b59-b09b-10011eb02032,1
chatcmpl-7ded18da-8391-4af2-b774-3193ed39c72d,1
chatcmpl-12343af1-6b2e-45ff-bdb5-1f61639903fc,1
chatcmpl-28ad27e8-38e8-467f-8d68-83fb5d692a76,1
chatcmpl-a6b2c4c4-4c0a-4830-a297-e6306c6356bb,1
chatcmpl-7fdd861a-a87e-42da-8b9d-a7b610310c44,1
chatcmpl-65d5890d-9f6c-4f63-8cba-a2967d7d4e66,1
chatcmpl-ad511e9f-51b0-4fea-8cdf-668903ee001e,1
chatcmpl-50976f0a-71b2-4350-b2c9-015dd3f405e6,1
chatcmpl-eb45ca70-16ca-474a-944b-b1e26548c8ce,1
chatcmpl-89cc9302-1952-4271-a431-d6010fa0f0c9,1
chatcmpl-061503c6-d0a5-45b5-b164-1405713c36d6,1
chatcmpl-86cff20a-bd43-428e-8fc2-caa254e072d3,1
chatcmpl-0753d186-8fae-416d-9425-6dd05e3e21de,1
chatcmpl-0adb4861-4941-4e82-9812-6013fa8c3139,1
chatcmpl-c505d388-34ec-491d-863b-8ecf737a1491,1
chatcmpl-38bc0188-f020-4ea4-aa78-4ef361019ac6,1
chatcmpl-dd922c7b-ddbd-4569-881d-b997b9959b61,1
chatcmpl-2a81dd2d-fb0a-439c-b72a-8865f397e5e1,1
chatcmpl-98c18816-163f-4904-b2f0-4ffccc77669d,1
chatcmpl-894cda81-49e0-48c7-8f0e-a858d73fc3e7,1
chatcmpl-8e0c6caf-1f9f-4b18-b847-51cc821c9095,1
chatcmpl-99d29579-33d6-4e04-b412-9a383c96c64b,1
chatcmpl-b009928c-4ce6-4bd0-9dc0-b5ff139f42b8,1
chatcmpl-783fb81e-f523-4c59-b2e4-56371ebe0c32,1
chatcmpl-2642b153-97ad-48e9-ac5a-668cb3abcf12,1
chatcmpl-1a5dc5fc-a9d1-44c6-be82-d0ad80b87a2e,1
chatcmpl-f0b2b881-9c98-448c-b2ab-92d6a5359edf,1
chatcmpl-257a30c6-90f1-4635-8fbc-859b6954daf3,1
chatcmpl-6dedebe2-d765-401d-90ca-2a9e212223f2,1
chatcmpl-88c0163e-de4e-40a1-8a97-bbd720db2519,1
chatcmpl-b3c29dc5-c0f4-427d-85d2-cc1109dc9751,1
chatcmpl-ba0c4861-9830-457b-99cf-90807bb119c4,1
chatcmpl-b9a6e505-af6a-4fff-9276-26b5955d047f,1
chatcmpl-d774e60c-7073-416d-9347-22d5a143aff2,1
chatcmpl-fe66a94c-c26e-4652-90ef-bb1b0497af4a,1
chatcmpl-7a446288-739d-45bd-a177-6ed2b69863cf,1
chatcmpl-0f37209c-2266-44b5-9289-01ea4361cc96,1
chatcmpl-ec26d25c-968b-45b1-8546-68e23ec2073f,1
chatcmpl-ffb3c07f-7ebf-40b2-a88c-797d99cc25b0,1
chatcmpl-d7ebe6a8-23e9-4978-a668-929c1b2ce615,1
chatcmpl-99531949-f8a4-4c34-999a-67f52044e769,1
chatcmpl-6087d849-2137-463c-a35b-616739d4461a,1
chatcmpl-991f9576-7ca7-4da6-8b9b-4ef3af2c5bef,1
chatcmpl-a84e2a77-780a-4bc3-a464-6e4747f29c04,1
chatcmpl-72f17c0e-a1c4-46f5-b5c5-83c8812b47dd,1
chatcmpl-b119e2e3-cbf2-4ac3-9996-7e274ba5c55f,1
chatcmpl-ee90660e-6092-4195-a2ee-eb861322770d,1
chatcmpl-10c42c40-4391-481f-8bd0-7073f6c1b0a5,1
chatcmpl-9d9bad7d-1542-435f-affc-1ab8ac02fb61,1
chatcmpl-d56388b8-85b9-4c7e-b4b2-877f836bb7ef,1
chatcmpl-f561aa31-f5da-46f6-bb6f-7677d57e9578,1
chatcmpl-5516b19b-e1c8-4a27-a34a-74e077649a1a,1
chatcmpl-62492b98-1f0f-4d3f-9176-69b90f3da4b4,1
chatcmpl-19bcf276-61ed-4570-8137-691e15765732,1
chatcmpl-ee9d53c8-1e51-41d0-96c5-fc3648013b5d,1
chatcmpl-a28f44cc-237d-41ba-ba82-668369356d92,1
chatcmpl-65f506ae-af9b-4851-8ecc-15df5a18ec72,1
chatcmpl-387f7bdb-3a4a-4418-b59e-dfb29f1c8577,1
chatcmpl-7a7e0061-8fb6-4ed6-8985-936c4e1ae091,1
chatcmpl-ab3e6b6c-86e2-4971-a68f-71c68054aa45,1
chatcmpl-d1e71f96-280f-4da0-8375-e37a9870c7b9,1
chatcmpl-d78933a8-9075-4814-b3d1-3f28d4a026d7,1
chatcmpl-24139139-77a0-43fe-95c3-6e89313cb014,1
chatcmpl-3d81a768-6b95-45e1-98de-cca9d7b74197,1
chatcmpl-a5af4151-b0fe-444f-aaa2-12539df14a9a,1
chatcmpl-66ad7728-93ef-451c-8bcd-fd05d9971905,1
chatcmpl-39c72e9e-aa88-40af-a315-7abd1845b3d9,1
chatcmpl-cdc373c4-92d7-41c1-b6e4-1c6bab008d7b,1
chatcmpl-163e4bcc-d8c4-43f1-b030-6f9b6bb6a4b0,1
chatcmpl-320fe1fd-0298-4e9d-872b-2d5e0f83d805,1
chatcmpl-689b877c-35f7-4319-ae6e-33b8792b01c8,1
chatcmpl-6e4f12c7-4e29-41f1-8fc4-28996e5d6153,1
chatcmpl-6c28e985-3d95-48e2-a10c-53a35d07ff4e,1
chatcmpl-7489186e-a700-4e64-8562-07df06f85fc4,1
chatcmpl-fbfd9d9c-f1f4-46c6-85b7-863ec289bab4,1
chatcmpl-5537cdf4-b44b-469c-afa6-bf47769ac457,1
chatcmpl-d75266e1-e63d-4bdb-9c72-a440a08463d8,1
chatcmpl-48bd1982-a73a-4358-b3af-a93089f8f968,1
chatcmpl-3e941162-7e16-4bcb-84c9-613fd43326a1,1
chatcmpl-7713e19e-dc26-4680-b580-a81781b433c9,1
chatcmpl-f5f4d6a3-5026-4da3-8180-c1be27b7b6d8,1
chatcmpl-3d819f66-dc85-43f0-b968-910510aec13a,1
chatcmpl-47e8ec34-74fb-414d-90bc-f8f15b79aa97,1
chatcmpl-2014902d-7e53-437d-9a33-b92048f8e692,1
chatcmpl-03c968ba-462e-4875-b528-48647b341055,1
chatcmpl-a6935096-a39b-4c10-a0f3-8a6ebda59286,1
chatcmpl-537fc496-f8bf-4415-989d-adbf9e2e163b,1
chatcmpl-cdbed627-27d4-4df6-8ee0-89fbbdc89df1,1
chatcmpl-b877a2d7-cd82-4fa2-97cf-4c05a86bfd47,1
chatcmpl-43bec5ee-3b34-44fa-ab59-238c78d406f6,1
chatcmpl-3e68a16e-49d0-4556-b921-bf5def9282e2,1
chatcmpl-015d0a64-5d64-4d9c-adc2-c16bd0a6edb8,1
chatcmpl-bf7e3c9d-3fa5-455d-8ca9-b26be2f9ae81,1
chatcmpl-364d9860-9ceb-46d9-9eb3-1068c22964d3,1
chatcmpl-5d450371-d90d-4c8d-b367-42ff76d01634,1
chatcmpl-c07fe100-16c0-48e6-a0c9-e5a7c8013de9,1
chatcmpl-11948c0f-01f7-4868-8ce8-1e436579292c,1
chatcmpl-19ef6cc1-e9ee-4a73-a451-257683800a9a,1
chatcmpl-1a15318e-cb82-40f4-8a07-e19a39b51723,1
chatcmpl-484804be-3cf5-46be-b873-1f7f3a383a22,1
chatcmpl-5068efea-ba8b-437f-ae30-c50a8482e27f,1
chatcmpl-8f80b6de-b78e-499f-9730-784ec3a2d21d,1
chatcmpl-87886c69-c1c3-409c-8930-17f3db371a32,1
chatcmpl-95749bb0-2521-4ccf-9309-0b2ff75f01ff,1
chatcmpl-13eae9ca-e0a9-423e-b16b-f27bda92da7f,1
chatcmpl-0cac8e31-96d2-49bc-bb28-deaa45091796,1
chatcmpl-041a95d5-6cae-4e4e-9116-fed676a49765,1
chatcmpl-434836db-6f1e-4037-a6ce-b32a0d410cca,1
chatcmpl-e7058ed7-994d-450d-9f14-dcda60eab2c4,1
chatcmpl-3990d16d-b79e-451e-9a79-5854e495bf75,1
chatcmpl-b18bf75f-23a2-4f18-b0fe-4cb04a0ba756,1
chatcmpl-c4b9c55d-80df-4d51-aeec-2fe6e59193ec,1
chatcmpl-af56a924-9c32-4738-a084-54ae4257ace9,1
chatcmpl-f87ae0d0-55a0-4c8f-86f0-33667248c96b,1
chatcmpl-087a278a-8a38-41eb-bb33-6d504e8e3172,1
chatcmpl-d9580ea4-3b5c-40cc-8564-7a9a60459a0f,1
chatcmpl-ff3a3639-9660-4864-9f2b-023792dfee28,1
chatcmpl-f6459cdb-867a-454b-8d09-c40dfeaad27d,1
chatcmpl-82dd2596-2ad3-4656-ab45-def6b66f3e8f,1
chatcmpl-26940737-d5cd-4e15-83b1-c33f3cc29af3,1
chatcmpl-6fd96677-19d2-4e19-aa91-0047fce32c1b,1
chatcmpl-a6e212cb-0eea-4761-ad68-51a05a88ad06,1
chatcmpl-94392e74-890f-44ab-9862-9e17acd2f2e6,1
chatcmpl-7355904a-19f8-4a59-bfb3-31fc5b365169,1
chatcmpl-c01e2429-7cc8-4560-b467-5c28e306a1c7,1
chatcmpl-d493a84b-5ebe-48bc-ac1f-6415a7170186,1
chatcmpl-09599af7-3216-4c3b-bd42-af3817e8ac12,1
chatcmpl-a2ee6713-d0ee-4ec0-9733-b66f933f36cf,1
chatcmpl-6a61c270-bc75-42e7-b790-c27d943b3375,1
chatcmpl-b13f2503-c5b6-44b0-8196-3a150f811904,1
chatcmpl-c366d62b-ab82-4a7c-9676-776d538932a3,1
chatcmpl-24510510-05f5-4b8c-870c-171f33630f74,1
chatcmpl-855b9292-7da6-469e-887c-4715661d24c4,1
chatcmpl-218b3dd5-f082-49e5-b02a-48e0ac430a75,1
chatcmpl-fe422c37-1036-467f-a7f4-7c079c76bf35,1
chatcmpl-7ab1838d-10f0-4629-872e-79ebfc39a79a,1
chatcmpl-6586db1e-fc08-4571-a78e-b26dea03f24e,1
chatcmpl-fc702883-9a9c-427e-ae87-31b18a6ba402,1
chatcmpl-9917786d-111c-454a-b231-3741ef5c4433,1
chatcmpl-8808dbd0-930c-4bc4-b5b6-82b1cc4a8a4a,1
chatcmpl-037093cf-7502-45de-b799-061da0f2e669,1
chatcmpl-ca38d60d-a876-43ab-9c74-f56e64e754f8,1
chatcmpl-00fa6029-360f-43df-99a8-9be626dc0830,1
chatcmpl-af667d68-facf-45ff-ad0d-02c04e7c8075,1
chatcmpl-0fae5713-e06a-4397-a385-1738b9884390,1
chatcmpl-50d3696d-88de-4a69-8845-35595c3f1237,1
chatcmpl-dd6818b1-f755-4c18-a6ec-684cfc1d4d1c,1
chatcmpl-6c35ff6b-07c1-49c6-bc6d-80f0e0cfe77f,1
chatcmpl-b7564f8b-788a-40b1-98d6-af078171f6fe,1
chatcmpl-171a8377-6ebf-4df2-93fe-159b3d7b425a,1
chatcmpl-00f18d66-2703-4280-a804-8b3af424e4c8,1
chatcmpl-83e5aa48-4ec4-4e1f-bd49-22c08e53ec4b,1
chatcmpl-4318acd9-bfec-48ea-94ad-cceda824cb19,1
chatcmpl-3806d23b-c7e5-47e9-a8d2-445c14d5a6b9,1
chatcmpl-4f22cc62-5833-482f-badb-0a34128137b2,1
chatcmpl-98c97b3b-4844-443b-8b71-586ad0142a11,1
chatcmpl-7026e62f-cd5b-44aa-9728-9782652d4f26,1
chatcmpl-a8011c27-62b9-47f1-b01c-545581e0c7a2,1
chatcmpl-9cf739e4-d441-46f1-b962-ddb2fc3ea917,1
chatcmpl-7ed725da-8190-42b4-b95b-b53732c05a34,1
chatcmpl-7ab7b0cc-8e47-49b3-a64c-55ec25e8ce6d,1
chatcmpl-09aab6c1-4b95-4fe8-8a38-89dd391cca40,1
chatcmpl-15db77aa-1a3e-47d8-b914-c05c2e90b4ed,1
chatcmpl-f2c43268-bcff-4278-959f-cdba4613553a,1
chatcmpl-fc1641f0-366c-466d-80b1-ca5f3997ab88,1
chatcmpl-cc790540-ee2b-4df9-a46a-f70859b5b9aa,1
chatcmpl-401e4137-e91f-410a-88a6-8f7072b20a90,1
chatcmpl-f180e5d6-3196-40dd-a698-0e3679fed1bc,1
chatcmpl-c08eab47-ade3-454c-b81c-005b13a4920d,1
chatcmpl-039336b0-732a-4be9-b0af-d7acf9ae8d97,1
chatcmpl-1e200f10-0de8-4a75-bc2a-87116436d9ef,1
chatcmpl-e06c12b0-472a-4b96-ae28-f34fe221b0c5,1
chatcmpl-7b22d6b4-7350-4857-b263-3a1262c411db,1
chatcmpl-064ab2f7-affd-4bcb-84b1-53c98e5e6b9f,1
chatcmpl-ce3cb598-ef7d-42eb-92b6-5ed97f127612,1
chatcmpl-76c7fb1c-8d61-46a1-9404-bf36a78413dd,1
chatcmpl-c32e18a8-6477-4e11-91a2-a48d5ec08022,1
chatcmpl-6b4ed958-d835-46a1-af5c-79d50ac8054e,1
chatcmpl-97f4c96c-f120-429c-933a-31489b65b82b,1
chatcmpl-c53e56c1-2a28-4dc4-951c-88bc26c86485,1
chatcmpl-4c9f6bf6-3b8b-45b9-b8b2-22e5165da76e,1
chatcmpl-327d103d-b17b-426d-a2d4-0b94a2d7d6a1,1
chatcmpl-33c37b4b-287e-4b46-8123-758e41e8afc0,1
chatcmpl-2bbbc7b1-79b9-46bb-b8a3-a53617a82b3b,1
chatcmpl-7cdc58ce-5e72-452c-9fdf-f81e573376b2,1
chatcmpl-23739af4-2c36-4cac-a9d2-49f72b6dabf7,1
chatcmpl-91c506d8-ad4c-4ed4-8c42-9c7c31e03558,1
chatcmpl-8cf38fbb-002a-4af8-a9f9-9213db527d0e,1
chatcmpl-ebdd6641-61a4-4db0-ac57-d35750db27a9,1
chatcmpl-b14e1353-eafb-4430-95dd-b6e6612129e4,1
chatcmpl-1e18b815-e6c9-4e81-9699-27a68eb1e5a7,1
chatcmpl-5d4cf039-3139-4c2f-9257-8e0e82de2d74,1
chatcmpl-356e80c8-9173-4876-adea-9644b0f51ded,1
chatcmpl-841747f6-3d25-49bc-afd5-3b89068e0d97,1
chatcmpl-47d5f8df-c831-4fb2-90c6-97f9bf805ee1,1
chatcmpl-02f1fe7f-d7c7-4c0c-b590-0e52111bf175,1
chatcmpl-52b4ff77-e33d-44f8-9f0a-46fb02080f83,1
chatcmpl-7fd4ab7b-9230-4e19-9340-7799e3cd1bd0,1
chatcmpl-12be1070-a8f0-44c8-9cfa-58492fb68c49,1
chatcmpl-07eacf28-7e00-4bd6-ad84-dca24b9ddd6e,1
chatcmpl-a310f9dc-fe4a-4109-98e6-ff2b0944acbb,1
chatcmpl-20d43997-87f7-43f0-a867-17f645162790,1
chatcmpl-26b170e3-9eff-4b06-b07d-2796b29eb884,1
chatcmpl-62f6145d-360c-459f-aca3-c9eabd7b6ecf,1
chatcmpl-e3b44512-44ea-4409-bbc9-2ca5fced07c4,1
chatcmpl-4b0562f5-c7c9-4943-a893-30c5e631b97b,1
chatcmpl-dae366f5-7f5a-41cd-893f-b9405554c8c3,1
chatcmpl-b9de71b6-d0f5-42c3-a32b-590a014b0afd,1
chatcmpl-2aea17f6-672e-44d9-b70c-44b286802f71,1
chatcmpl-c4cd4fde-9593-4dfc-8464-deea28186761,1
chatcmpl-9584cebf-9991-44ff-a4a1-6f3d96c0d27a,1
chatcmpl-0e312654-7d72-4ae4-974a-aac74580ea9a,1
chatcmpl-cd75768e-aca4-4fc4-b394-7f825ea70006,1
chatcmpl-ad200f4f-a2b3-4772-b06d-fa69eb6b161c,1
chatcmpl-6e4f76d4-2eed-409e-b883-462d025e123b,1
chatcmpl-aa5590ad-9d54-47a6-8580-a00e6e3427b7,1
chatcmpl-44e337ed-efe5-41bc-9079-84fa1fcd9048,1
chatcmpl-f5384044-4a36-4643-8a45-fcfb80ef322d,1
chatcmpl-5a93542b-ec26-4ad5-8cbe-e7a16b3a4b27,1
chatcmpl-e7adb854-76b1-4500-b1b0-98359e373d4c,1
chatcmpl-6fc2e8ba-7807-4de3-adac-93b83b9474a3,1
chatcmpl-cf9f5808-330a-44bd-bbcf-6258b5051f49,1
chatcmpl-292286d3-963c-49dc-be9c-76d8f4fc7cb4,1
chatcmpl-17c534e1-2c06-497e-b981-8a27f7a741e9,1
chatcmpl-89219342-cd2b-4460-acc9-0597ac846177,1
chatcmpl-0166316c-da5c-48b6-b2d2-cd28359579d0,1
chatcmpl-21e017c6-fc61-404c-a170-a3321b30e945,1
chatcmpl-cf19cd38-872b-4feb-ac7c-55d8c342387c,1
chatcmpl-7faba9a3-b2e8-4f83-9f9c-98c6cb04e3c3,1
chatcmpl-d63c16a9-8627-4d18-baeb-12229e74f602,1
chatcmpl-de0dd3e8-c37c-4b31-a6c7-65193e1327e6,1
chatcmpl-e34ceb56-0a50-4fb4-b6d0-cea50836ea87,1
chatcmpl-fb453e41-a8ae-46f6-b56c-3f0e1c48d9c8,1
chatcmpl-30e58fbc-a17b-41eb-a10a-ae5a30280d9e,1
chatcmpl-5759e784-f379-44b6-86a2-bdfcbb435d9f,1
chatcmpl-1230ca08-b292-4db7-8851-60302cf5db65,1
chatcmpl-8fcfe7e6-ffb2-4e1c-9351-a0ab2e600f06,1
chatcmpl-b416e928-aeb3-4bcb-afad-726fccea08e1,1
chatcmpl-cc614e3c-6400-494c-ac18-ae297894b674,1
chatcmpl-c3b56352-c2cf-4530-a915-cf7749a56a0e,1
chatcmpl-0a2c5239-13be-4a05-bc7e-4b59a72534a7,1
chatcmpl-51d6a273-71f7-4b28-a393-1759bf113835,1
chatcmpl-3061bc27-6a91-440e-b97e-8ecfee738f3a,1
chatcmpl-e01acdc4-1cf7-408a-b065-c2d05e965240,1
chatcmpl-d3f2f1c3-778a-4c67-8cac-ff184df45d46,1
chatcmpl-00425f82-3904-4e74-83fe-4b5bee985359,1
chatcmpl-2cfcffc4-7f15-4ea3-8596-557dd3db0407,1
chatcmpl-77f78b2e-4a39-41d6-a491-92505c4d2897,1
chatcmpl-df02da15-e4b3-4aef-b74b-4b9e0b0a1c5f,1
chatcmpl-2a9f6a69-754a-45b7-a54c-9711238a44b5,1
chatcmpl-97867654-b8b0-47ad-ab2e-de23b40597e7,1
chatcmpl-67760dd2-5594-4fef-a451-5519ee2837ed,1
chatcmpl-78502fba-5e42-48db-8a60-c5a4edb6c9d8,1
chatcmpl-2a0d8977-2dd2-49cb-92dd-4deb6a8a175d,1
chatcmpl-cb40b1e0-dfe9-4a70-af4b-69be61e35bba,1
chatcmpl-867b6db7-4263-4ad7-8317-929de7ba0d22,1
chatcmpl-700d2b90-7dd5-46b9-a56d-bf366696f1f8,1
chatcmpl-9cf80e5f-c7b6-4149-bec8-0b0ba6f0d620,1
chatcmpl-025013ee-4601-421f-95df-6444e69a47a0,1
chatcmpl-d4062c02-8850-4929-8772-86ede959aa3b,1
chatcmpl-674e05b9-5149-47be-9998-51fde2fc5dbe,1
chatcmpl-b767c42b-5840-4448-8a10-fe3da850be37,1
chatcmpl-4e8d5373-933b-4dd3-bfd5-c8b302941c48,1
chatcmpl-9377f44b-b9aa-40ab-b06a-f108d4171634,1
chatcmpl-d4c5b231-241d-47ba-a795-1db084f36c8c,1
chatcmpl-369b0754-9599-4d5c-85df-7158c0b46c02,1
chatcmpl-cc849c14-1615-4914-9c74-76c8296d207f,1
chatcmpl-55d5deeb-3074-48e9-b8bc-dfeaf7ddec0d,1
chatcmpl-d1ad9468-9679-4098-ad12-55a5df128d98,1
chatcmpl-9a116df6-2c74-441f-8ab9-de52e59a4108,1
chatcmpl-8a1ebc43-29dc-4038-addf-bbf2696c7185,1
chatcmpl-9ba1a304-03d7-46a8-9045-19f8601031a7,1
chatcmpl-2aa3af00-6505-4e4f-9c70-49f8c74320e5,1
chatcmpl-0aeccd76-49fc-4ad0-8370-70c8baf9dbb1,1
chatcmpl-7bd3f497-5e97-4ee5-bd8d-8d79ba7d32f6,1
chatcmpl-87f13bbf-6901-4844-89da-283f6d542e8c,1
chatcmpl-892eef2f-8369-4304-a74c-167b9ca6a1c4,1
chatcmpl-35ca85f8-df5b-4de2-915f-8a86c05bdaf0,1
chatcmpl-222b26cc-96fe-4bb7-98dd-ff0ad3d92ca0,1
chatcmpl-b9120fb9-f8d7-4861-8696-405516e7f0f7,1
chatcmpl-b8b1d120-f5bb-4433-8b3c-fe4afac5e15e,1
chatcmpl-bc269891-bff6-4aa3-8a0f-45711d8916bb,1
chatcmpl-7ca8dd69-f700-4567-96f4-76fae027c85c,1
chatcmpl-0edd5d2e-4cd6-43cc-b7c2-c4b60a6bb962,1
chatcmpl-d7ab905b-19b2-48c6-917a-9d46d1632eda,1
chatcmpl-93c900a5-422c-4113-be1a-9ca354d8b6be,1
chatcmpl-7e5e8963-ca74-4b1a-8bbd-6adcf5ad4054,1
chatcmpl-5ccc2b66-135b-42d4-80e5-409aeaed4d96,1
chatcmpl-a5d74b0d-5c25-4a37-86e2-26e4a0e41a6e,1
chatcmpl-c2139f7d-2830-43d2-8694-db060a5fb59a,1
chatcmpl-2d87edd0-3c8b-4686-bcfb-3424621913e3,1
chatcmpl-cec09ba6-bdc8-4187-b002-47de7afe00b5,1
chatcmpl-927593bc-fd85-4af7-bc8c-5be20acd17bb,1
chatcmpl-a326bfe7-eec3-48c1-8d9d-1a17442dc98c,1
chatcmpl-41d2eaed-952e-4ccb-9b3f-5e474ad66bc6,1
chatcmpl-09f601b4-693c-4b5c-90d3-fbb2cd00a780,1
chatcmpl-61278f4e-f659-4401-9360-4a743ecf6168,1
chatcmpl-9985d9e1-7c9d-43a4-9211-74c8218b18c0,1
chatcmpl-93acf780-77b0-4ab0-b4e1-7356aa5fa507,1
chatcmpl-d0c2789d-ee78-4d74-a41a-6fca44cbab82,1
chatcmpl-edbf46b5-2219-4382-b139-eec8630ffd3b,1
chatcmpl-f34d2ba7-31db-4496-b757-6923ff19449e,1
chatcmpl-7412b9a9-e8fc-496f-98b2-174514202207,1
chatcmpl-9ecd6c62-3264-4aaf-af44-707cca654ec6,1
chatcmpl-5f736c9c-12dc-4f9f-8f9c-4f558a4fc453,1
chatcmpl-a97027f8-390b-4a10-abee-396f4020c470,1
chatcmpl-e340bf7f-bc42-4fb0-baee-d1adb1e0a5ab,1
chatcmpl-5e84bca7-779c-4a4e-a153-ab952496f9fb,1
chatcmpl-5ddf7eab-f9aa-424a-9140-9ec79392a7e5,1
chatcmpl-7b75c0dd-3bd8-44ac-9cf9-980b0d144a94,1
chatcmpl-a86f5a62-f321-4e1e-92d7-3c5dc4b56431,1
chatcmpl-34a3da89-a421-47f9-88df-420387c17e0c,1
chatcmpl-2c89a1cf-b8cb-498a-a479-d31c7ab045d9,1
chatcmpl-9f517b83-b336-4799-a2bd-601c8a071499,1
chatcmpl-23e3d7b5-20d7-4334-8a17-1b33eb18ccde,1
chatcmpl-b9869447-9f47-4168-a3ef-73e006b6b855,1
chatcmpl-8dea13ac-babb-4876-9a80-bd72976687e0,1
chatcmpl-f3a23dbd-f8b8-4cb6-abea-0282f44ecb73,1
chatcmpl-b960f942-a92c-45aa-a225-2bc93c6dfce8,1
chatcmpl-42c65f46-99a8-4d70-aaf4-6148cda1bf4b,1
chatcmpl-2984db59-02d8-4b6a-8039-49e6f5c8c5a5,1
chatcmpl-9283e3f6-a124-4de8-ab39-ba1c929b9d19,1
chatcmpl-bdccde79-0ea9-4468-9d85-9675afccf063,1
chatcmpl-052721f9-01df-498a-821d-3227e12c165c,1
chatcmpl-67da8cf5-182e-44c9-8de9-3e3559875acb,1
chatcmpl-7f277927-5368-4eaf-836e-1034ff0fd812,1
chatcmpl-1795cb4e-c482-4fe1-abbf-a5d6e5025928,1
chatcmpl-f0b69113-8f8a-42ab-b06b-90ce7b134562,1
chatcmpl-17cdd2e5-14f9-4056-83b9-8a456d1b87b3,1
chatcmpl-e3337fcf-55fb-4612-ac48-330d97e1471f,1
chatcmpl-a189b977-446a-4e48-a6ca-7e9958a435a4,1
chatcmpl-d9a54699-6093-4a75-b9a5-8bfb880991e1,1
chatcmpl-b6ed2d6c-3a74-4d07-9c20-020b2e594214,1
chatcmpl-afd0b87c-f967-445e-929b-24bf923af69f,1
chatcmpl-6e70c124-e8a7-4e86-91b4-f808767acece,1
chatcmpl-3c78c985-9c98-44db-a61f-4aa74fa3621e,1
chatcmpl-095ce5fb-8147-4b71-8c4e-d61118e90045,1
chatcmpl-c2afea4b-5d03-4860-9cdc-a7256e77dfdc,1
chatcmpl-bfe05436-68ed-4a38-a92f-573f9a4a63c5,1
chatcmpl-d6b109cb-8091-49ba-821a-ece8d4d5a640,1
chatcmpl-08a4c254-e62e-4556-be0f-6ce86512dd3b,1
chatcmpl-c9928f3b-b6d0-420f-baa6-e93f52930f92,1
chatcmpl-67094769-b6b3-4dc7-b6f8-aac7fee8da67,1
chatcmpl-ab493763-8a99-4821-9bf8-6ee0073fd1a8,1
chatcmpl-7fbda467-be07-408f-a8fc-54d5ba1e6056,1
chatcmpl-52922a21-004a-4d5f-932d-14379b3455cd,1
chatcmpl-896c05b3-6243-4688-a7dd-e93240576d67,1
chatcmpl-e63c08e9-ec16-46aa-8a8b-8cff9125169d,1
chatcmpl-6f4220f2-0991-4bab-8e71-1be9426baaef,1
chatcmpl-510c3669-c9c1-473e-8498-54cf5760a3e2,1
chatcmpl-abe4cce5-f7a6-492d-8b29-ba615dd11fd9,1
chatcmpl-e98b6cde-a097-4591-a955-c24e5df52c71,1
chatcmpl-75e6043f-9e90-4f90-96cc-657b91f30e19,1
chatcmpl-0af6057a-8f6b-4583-9691-adf61697ad7b,1
chatcmpl-0ddb7753-60ab-4579-9f50-4343aa6b9ac7,1
chatcmpl-299c8297-de52-4045-9fb9-59721a50c584,1
chatcmpl-334e247c-5905-4e3f-a7fd-d564f4c41d8f,1
chatcmpl-9fe5048a-0785-453e-b801-0e09a4132ce4,1
chatcmpl-14dc6ecd-9a52-4e82-9749-eeeec0993074,1
chatcmpl-db1bf722-d119-477d-8548-fdd8bb81844f,1
chatcmpl-cec78f05-cbc2-4bb7-a13c-67fc9021c0cc,1
chatcmpl-89dba1f1-fe4b-42f6-a404-1f2e6f7377d7,1
chatcmpl-d5e86805-e944-48c1-9c2f-43c71e4d6427,1
chatcmpl-a41841b7-4e19-44c5-895a-7867b2bf0384,1
chatcmpl-b686bbf0-7415-49fe-81a0-36caa0b4b531,1
chatcmpl-ead2fc1c-4c42-40ba-95bb-c3edb3e6a84c,1
chatcmpl-e74de050-7678-4f2c-a7ef-ca532ecfb52a,1
chatcmpl-fcdf29d1-1c39-49bc-b3fd-7f0dcc3068de,1
chatcmpl-1632c14b-54a0-441b-b686-806f352b9cc2,1
chatcmpl-7a672deb-8248-4679-8c2f-167038d638f2,1
chatcmpl-cb52eea8-eddc-46fd-9c84-ca1ae7dd185c,1
chatcmpl-473a889d-bd04-4f7e-b41b-cc25acbdb6d8,1
chatcmpl-012474fa-82ae-424b-bfdb-486195e79b7a,1
chatcmpl-560cab9a-139a-4cfa-8cf8-0778b0bd7876,1
chatcmpl-871a1d36-3ef2-4544-a1e0-7877f37aa216,1
chatcmpl-b2474a65-d058-4067-92d2-d1fc241dd75a,1
chatcmpl-385a158c-0d51-4356-966a-9aecb8d3af60,1
chatcmpl-23b2a943-03af-44f1-8d5d-03cad5058882,1
chatcmpl-b172022e-6c5e-4c78-be91-969dee02ee61,1
chatcmpl-7303b567-7392-4673-908f-11c26ac4dcd1,1
chatcmpl-4e064c25-affb-4cdc-8bd1-932c8ed804e5,1
chatcmpl-014fdf0b-fd71-4bb0-b339-126d7716a9a9,1
chatcmpl-d0ea2ce5-25aa-4303-9610-bd6ecfa2ce00,1
chatcmpl-7d3e04f0-b3a5-4de4-9ee8-70b05c33ecd3,1
chatcmpl-d52af5c2-dad6-4193-bcc5-08f07e91f062,1
chatcmpl-193bf156-11d4-42f8-b5bd-465c47d7d6fe,1
chatcmpl-1c196826-0e0c-495f-b258-8414128c5097,1
chatcmpl-33c5b594-5e58-4fd8-90ff-181dd3171afd,1
chatcmpl-e4c52ad5-83dd-471a-abe9-a7dd4a154bac,1
chatcmpl-af6d6b80-bb2e-4425-b5e5-0f865db31d87,1
chatcmpl-85b69a5a-5d0d-4892-bb5d-cabfd9bf4e74,1
chatcmpl-f23938f9-2f24-4178-a584-8432ae05602e,1
chatcmpl-82f1b2a1-4ae7-47fe-9208-414630d736e9,1
chatcmpl-6f250bbc-9f73-4e06-b60e-93c2dc8813df,1
chatcmpl-1de10a49-da0f-496d-beb7-583be8e1b80b,1
chatcmpl-e0f68790-0e69-469f-afcf-2c91422a03cf,1
chatcmpl-5484a91e-fc34-4808-8492-63e6ce8591e4,1
chatcmpl-471ed34f-7c80-4c3a-8997-4e73273646a1,1
chatcmpl-5c80f565-b7d3-4ad4-9aef-35c498109995,1
chatcmpl-a673e966-407f-45e6-806c-f530ed50eaa6,1
chatcmpl-42303e61-214f-4387-8de9-904e2c932f05,1
chatcmpl-bcadeb8e-9217-4b75-9b6e-75d430ad3c57,1
chatcmpl-ae56c0f1-8a3e-4f73-9fbe-05de489a0ce5,1
chatcmpl-b3b6374d-41d6-429b-9715-ed41134025ed,1
chatcmpl-f6e69a04-8f08-43b0-b649-9a6bb2eb0fd8,1
chatcmpl-e24eae43-ba8c-4119-87d9-8a948402ffdb,1
chatcmpl-1dd28b38-d839-4f9a-a57e-61756e1a3735,1
chatcmpl-06f2ec55-851d-40d8-9514-c237569a780a,1
chatcmpl-2956c9cf-1a76-449b-b025-84c71c305b9f,1
chatcmpl-f586743c-3956-449c-9086-2ca71fc56f5a,1
chatcmpl-01311436-feb5-4963-be4f-a3456c7fa459,1
chatcmpl-8677049e-a894-407d-88b1-7e5b5dd38f2a,1
chatcmpl-9066b264-3072-47dc-b996-f173ccecb35c,1
chatcmpl-da5a92fb-113c-4653-bb9b-36594e3e2dd3,1
chatcmpl-fa0a204b-421e-46c0-8cd8-d8e636ed6399,1
chatcmpl-44f6bfad-a9c7-42ec-893f-08d9467d4de1,1
chatcmpl-7e1443b0-a0d4-41bb-afc9-6e83af2db013,1
chatcmpl-6d23a4a9-3b27-43b3-ad83-b0cd2a56eaa0,1
chatcmpl-66c8e0f6-2aa4-47c3-9ece-1616571f86b4,1
chatcmpl-cb8aa750-1296-4ced-999a-91a7fdc73875,1
chatcmpl-f32cfbc9-f87f-44e6-bf34-7610d3f21d4f,1
chatcmpl-4a5f3c1c-5bae-45d2-8e94-168164e7b743,1
chatcmpl-2a1db80e-06cc-4003-9b8a-93607b2187b5,1
chatcmpl-fd60bf4f-6363-447f-a36e-feab5a60f6ec,1
chatcmpl-48645ce1-fcce-4315-a0ea-a40eff0b748e,1
chatcmpl-7b8928cb-8591-43bd-9b53-28e3a9540076,1
chatcmpl-b47bbae5-29c8-48f3-9bff-d4ea3269ba97,1
chatcmpl-c80b8ef1-b597-41bf-a6d7-443ac2055058,1
chatcmpl-12a88dd7-4f49-4923-ad1d-5e2c92b7e8f2,1
chatcmpl-2c2ec3cb-1e96-4a15-bd6e-689315fbe26c,1
chatcmpl-d45d7772-6d34-4b46-ba1c-f5ef5e6796d1,1
chatcmpl-005fe7d8-1d5f-4c66-ba60-beb2221f7ed9,1
chatcmpl-36ee15e8-ba35-488a-a53e-e2fc7a9a98f0,1
chatcmpl-9e46f856-d187-4b26-84cf-911243dbd2cb,1
chatcmpl-8fe53179-267e-4348-9365-77ff36efa229,1
chatcmpl-4ebd65d2-9f64-49a1-9a03-f5e251c205c2,1
chatcmpl-36668d7e-99b9-462f-9ca6-13f3f8cf43d3,1
chatcmpl-fa3cf3d7-1081-4fb5-8ab4-a1d139fc1044,1
chatcmpl-3fe6a1de-e561-4d2d-8970-fbe7f09cfc12,1
chatcmpl-12aa6b29-8f00-49b5-8ca0-86d5be67a861,1
chatcmpl-e0d69c07-1e71-423b-bc39-a72fe96af30c,1
chatcmpl-d7d2d535-e5d3-4cbf-9908-263b56a8ee0c,1
chatcmpl-d5fb4f90-d69a-4b4b-a4db-bfe62b4a740e,1
chatcmpl-1e6b0577-2a0c-4e97-befb-31353f3ab6e1,1
chatcmpl-30bb5595-4078-4516-b4ad-f6e816cc5360,1
chatcmpl-d0ccbe4f-4c46-4dfb-9e32-01ea46b5ebbc,1
chatcmpl-22a9b809-dcd9-4cf1-b586-640778925976,1
chatcmpl-9b6e1c86-b098-4f4c-afed-ecb80dc99228,1
chatcmpl-b2daea70-fef7-4d2b-aae4-27a81ebfe105,1
chatcmpl-d34f8dfc-afe5-48b0-b7bc-fe4b71042ee9,1
chatcmpl-0b9c77b4-b044-4858-98cc-adab5a74e471,1
chatcmpl-96461f75-8576-4d8c-9538-e080eba14994,1
chatcmpl-aca792c5-e40e-43e1-829f-247bc4501f99,1
chatcmpl-8d9bd4ff-33c8-47e8-ab0c-25869d1f737c,1
chatcmpl-425beb08-d3f4-444f-8e1d-4e87f9cef766,1
chatcmpl-858ae46f-5d68-460f-a03c-09a6ca12b5a0,1
chatcmpl-ce4c9e50-64f6-460a-9ce5-dde4da09c72e,1
chatcmpl-36070e16-a8ac-44ca-b484-98a1e865d907,1
chatcmpl-1c453931-eaad-410f-8a48-5588083fa87c,1
chatcmpl-2d9a1ee2-704e-4afe-8126-c738f5620d17,1
chatcmpl-533801b0-76c5-4a29-b46e-494dc2837461,1
chatcmpl-51c24798-e907-4044-9d92-0f4528be128a,1
chatcmpl-0038d82a-192c-4bab-be44-380eddb07f0e,1
chatcmpl-92dddc51-0b78-4dda-8f44-5b30972093c3,1
chatcmpl-9c434b60-805c-4671-a444-9bc4f9416181,1
chatcmpl-1fb25491-4d15-45af-9c70-3133ae37db7d,1
chatcmpl-79c35050-d59b-45dd-a0d4-7d1feda74d02,1
chatcmpl-1ac13e04-1426-4a9a-bbe2-8cc31aa981f0,1
chatcmpl-7f83f3b7-3761-42e3-9db6-6845d2e12b7f,1
chatcmpl-638e7b2d-ba88-4cd5-987d-136e46d9c41d,1
chatcmpl-43ba6b9b-c117-4c33-a015-b1f6c3e1b5a7,1
chatcmpl-0dad279e-35f2-4bc3-a06d-74680c525268,1
chatcmpl-a5d51ad5-cff2-46ee-b875-483bd8515dc9,1
chatcmpl-2c0a5d09-62b4-471b-a22b-b2c3bc1aaf25,1
chatcmpl-8291a5bd-890f-498a-9ff4-1306195928af,1
chatcmpl-4ffe37bb-6399-4c13-af91-6defc584f453,1
chatcmpl-9a89a11c-0dac-4bf2-84c4-5850169583dd,1
chatcmpl-c0056d69-b050-48d8-bcc4-984477c84a4e,1
chatcmpl-ca657425-9b25-4eaf-bae7-72ecf67905da,1
chatcmpl-d128953a-512f-4958-9492-85a24b77179e,1
chatcmpl-8db98f68-ec07-4c2c-9463-a36ebeb3fd17,1
chatcmpl-8817345e-6bdb-4344-aeee-0a6c6a31dff2,1
chatcmpl-926b4f6a-8d07-4864-8487-c81011f7c6fc,1
chatcmpl-d1dd8be2-ae7b-4470-9846-cb9289bbca94,1
chatcmpl-e00121a2-ffc5-4cd0-b33f-ac6fb54950c3,1
chatcmpl-ac7d2abb-9f67-4211-adcb-58050c375697,1
chatcmpl-43b9c5bc-84df-4301-9cba-54cb0b45d84c,1
chatcmpl-11205b6c-e811-4627-9442-63974ca8c647,1
chatcmpl-d5b689a7-ad1f-4eed-92c9-4ebf9203cd17,1
chatcmpl-89edbf6c-5d1a-4569-8000-4a9720bc5902,1
chatcmpl-9577d3d7-6ba5-4df9-bb7d-7252c62f9f96,1
chatcmpl-65a0a92c-4b57-409a-b933-272bcb1474cd,1
chatcmpl-abe4b517-e53a-4df4-9eda-14bed474306a,1
chatcmpl-74a25f06-17d8-494a-bd21-f00437ba4983,1
chatcmpl-5c7c4dd2-7fad-4ab6-ac6d-f9ecacee9051,1
chatcmpl-216b734c-5716-4955-9eb6-88e91bf87e87,1
chatcmpl-2658ffd4-7ddd-4250-b94d-869aee0f6419,1
chatcmpl-6a80733f-5d39-4a20-8f82-9d47b82efa45,1
chatcmpl-56bb81ca-16c1-4bdd-abd8-c0bcee5db046,1
chatcmpl-f1a0e681-d831-41db-9125-3ecc5fb50e8c,1
chatcmpl-f81a6d3c-08b8-4832-8bb3-392c2690afb6,1
chatcmpl-02d011b7-775a-4141-804f-0681dce65d26,1
chatcmpl-b1d557c0-75d6-4d7d-bbbe-60b3b91adb57,1
chatcmpl-38aa8920-bf03-4ae4-ac51-6d1bfa3480c0,1
chatcmpl-4d7afd50-9c3b-445a-a443-cdae0f59b2f1,1
chatcmpl-5fcc040f-6450-4c6e-b7d0-5b6adef85f39,1
chatcmpl-97557f7b-ba11-4d39-93c4-ebcc10b2e520,1
chatcmpl-c684fb40-87c5-4a75-8a89-1f21cf6fe55c,1
chatcmpl-b7a9decd-3315-49b3-b75a-68b740e51b19,1
chatcmpl-a9f6ef2b-16c2-4cac-9a65-a9785589ecad,1
chatcmpl-c4353a3a-fb7d-4192-b802-5e28f2cf2293,1
chatcmpl-da8f10eb-2a92-4c55-a63a-7e8dd6e14ad5,1
chatcmpl-4485735b-bcdf-482e-a5d5-bdb8a0d3be23,1
chatcmpl-2bccf4cb-9103-41cd-9164-6b3b62a5f57c,1
chatcmpl-ef31d802-4c38-42de-ba36-208b245adb92,1
chatcmpl-bfc2e04c-f779-47e5-bf72-695d6faf6bd7,1
chatcmpl-db1bc357-69fc-47fd-873a-884676835cec,1
chatcmpl-f7dc45c9-882d-40e7-88d1-85f0fda3c3a7,1
chatcmpl-87ced19b-a541-46e2-b40c-294cf99ff6ca,1
chatcmpl-41a66bd5-77fc-46ad-a837-5d2a06a09621,1
chatcmpl-924fdea5-7b06-4e61-bd52-cd1aca46340c,1
chatcmpl-57a21b06-8c11-4ca7-bc9c-adb6965a16f3,1
chatcmpl-7072fef8-855d-4f8a-b344-623fd7f34987,1
chatcmpl-22215528-8bc4-4f8e-9a43-e30329701007,1
chatcmpl-c4bf3822-64b7-4431-b3ea-7dea414f7bc0,1
chatcmpl-acab061b-e12c-4810-aeab-7a41241ee101,1
chatcmpl-772e3249-1d83-4698-abfa-ed33b791a086,1
chatcmpl-e00d0f68-0455-407c-b631-61a8bd8b9326,1
chatcmpl-804b959c-d8a3-4fae-8aa6-1f77faf6e4dc,1
chatcmpl-2b1b34fb-cb90-4c11-a543-ac21daa61fb1,1
chatcmpl-f2eb1041-cee7-4425-b471-5be61ebe72b8,1
chatcmpl-1f64f5e2-df88-4fcd-bc1e-345333125abc,1
chatcmpl-028c310e-04fe-4063-a6a8-032cc785b749,1
chatcmpl-e7d3bf41-6b21-4a32-a1fe-e97cf5cace12,1
chatcmpl-a0b3fc80-0bfe-4019-bab3-a6853678284e,1
chatcmpl-76d94658-2899-4e84-b91c-e6014d2f1a38,1
chatcmpl-ed07b72e-2753-432e-b3cb-9ef31d2132d2,1
chatcmpl-4b4e813b-009f-4bd9-89b3-fb0536153fd8,1
chatcmpl-fc9ff021-4a6b-4fdf-be93-26df9bd88cd1,1
chatcmpl-279ebae7-ee86-4654-bb61-2818ff67e682,1
chatcmpl-11d202a3-dc39-4dcf-975d-cb1e5e946535,1
chatcmpl-4956884b-424a-43df-8acd-ed91bb4b3dac,1
chatcmpl-08e3f48b-6bff-44dc-9790-5c288bf0cd63,1
chatcmpl-83f6d79c-e8e1-4e29-8a24-b08dc5f3e20e,1
chatcmpl-b494991c-f710-4993-a341-642ad9c495d4,1
chatcmpl-b285da1d-5dd1-41b1-8676-a57c0d1c2e48,1
chatcmpl-5f95f852-73c7-4510-b793-e78aded32441,1
chatcmpl-69df52e5-beae-4f96-8372-7ebc403ee46c,1
chatcmpl-25f7a5d4-bcd2-4dac-a786-1d87934ee2b8,1
chatcmpl-1a9470c3-11f1-4ac0-ad4b-8a987bacff6a,1
chatcmpl-22c71021-610c-49b2-9970-62110287c7d9,1
chatcmpl-3843eb0e-6a28-4cfa-baf1-12c50f54efd0,1
chatcmpl-d656c7b2-d335-4a5a-a30d-283cd3fcb7cd,1
chatcmpl-af97c117-2640-4c0a-aceb-bfeaea368a87,1
chatcmpl-bba08e3b-140c-4009-a539-7c017ad3a5a0,1
chatcmpl-1885093f-b5b3-41aa-9689-168c56b77546,1
chatcmpl-cc8715ae-b247-4a0f-9ed6-2b5625b037ec,1
chatcmpl-4e3394f0-b770-4eb8-b7dc-581a8335503c,1
chatcmpl-bb962ef7-3749-49e6-a312-68fd65ae18cc,1
chatcmpl-a519588e-ed74-4549-aa4e-27bd0dd679ee,1
chatcmpl-9aa1c875-b33c-43d0-bae8-b710131ba053,1
chatcmpl-adb314be-6494-4c6d-9b7b-151ccf7d0228,1
chatcmpl-fc554146-9118-4f79-852b-240232c35058,1
chatcmpl-bc1aaa0f-bc9a-488c-8e03-98d7dbfd1d26,1
chatcmpl-f2d47f78-5db7-4a60-8747-6cdf07b76bc9,1
chatcmpl-52618f19-39d7-4638-9310-707673c23022,1
chatcmpl-61c4d3fb-4e19-42a9-859f-bd265a4ad409,1
chatcmpl-1414f818-a702-4c39-96b3-77cca2678d24,1
chatcmpl-c87a06ee-6961-4b2b-8002-a549a17aab9c,1
chatcmpl-6ee637e0-a7c6-48dc-ad17-fb1b50392131,1
chatcmpl-712343b8-15a9-4481-8a6d-a0d189bc0c25,1
chatcmpl-d2d2c7e2-3d42-45b8-ab6c-18939d98d730,1
chatcmpl-1d6bb9da-605d-4cb1-a9f9-933ba72465e3,1
chatcmpl-5faf91ff-731e-429b-b46a-e2cba71404fb,1
chatcmpl-d7a1fbfa-53ae-48f6-be10-6f1bab042cd6,1
chatcmpl-e5662a88-113f-4636-ab79-f937138aadee,1
chatcmpl-3612f2e8-9a1c-4c30-9cae-c93a98279c47,1
chatcmpl-25e25771-4052-439e-9046-4c86d5c333ff,1
chatcmpl-bf1f8403-8af0-444d-9e1d-2ab3d1a7477e,1
chatcmpl-784c4ae6-5cd5-4d64-ae40-f10a1a81dd56,1
chatcmpl-f2f86de8-8355-43fa-aa44-84dd69387fcf,1
chatcmpl-8726c8d7-5d0f-42d6-858a-f8beddb3868a,1
chatcmpl-8aa78221-c7e1-4913-a6a1-4bb7a92c0317,1
chatcmpl-ed184905-48cc-4403-af96-3e05d25a690f,1
chatcmpl-6c96e778-d937-483d-a614-5fbd70e2b253,1
chatcmpl-814ff97b-131f-4568-89f0-c3312b19a897,1
chatcmpl-0ec5c639-fd4e-4a1e-8fc2-f9c70e66486e,1
chatcmpl-ea5ac3df-2497-487f-b2ed-32fe053fb2b8,1
chatcmpl-6bdf18bf-3d2b-453f-83a1-36bfe158cf13,1
chatcmpl-461249eb-0d95-440c-b31b-660ba6e77c3d,1
chatcmpl-4315f2a7-84b8-4164-b96a-f42c30e600f1,1
chatcmpl-ea60eeae-35c3-4e13-95be-b6175f14fbb1,1
chatcmpl-587a9ff9-0605-497a-a410-79ba38e5a93f,1
chatcmpl-cf3d0397-eed7-4d54-878d-069081941d09,1
chatcmpl-340dd7bf-d5fd-4559-bb3b-46721ab7e1f5,1
chatcmpl-aa964597-bba4-4831-b53f-a5f6f3c5a905,1
chatcmpl-09492606-9b5c-42a8-93a8-41b7f6884166,1
chatcmpl-a1cd073c-4998-490c-98f3-f3d4593f6f22,1
chatcmpl-3cfef6c8-cbe5-4df1-be2b-63be4c9ad9eb,1
chatcmpl-a4a709d6-591f-4ef4-a585-eca0d7043bf7,1
chatcmpl-977435ff-843e-429b-ba6e-f69d62b3c95e,1
chatcmpl-8a29f1de-80d2-41b8-8e28-3cd2ebf29185,1
chatcmpl-7688f691-e72b-40e3-aafb-50205ef4cd56,1
chatcmpl-001468e7-0040-411b-91b6-7cf485d57420,1
chatcmpl-2c2c814f-0b05-4f3b-a37f-bb4fa76b6ef9,1
chatcmpl-b18fa990-c3d7-48fd-92b2-7cf636db8f7e,1
chatcmpl-097ba688-77c2-44b7-a2d3-6e944a5481d5,1
chatcmpl-a5b82246-6544-41c3-9df3-64e3e74c9431,1
chatcmpl-aba70a8e-c504-4d1d-8ae3-0729649d403c,1
chatcmpl-cbd72d49-a0f5-454e-b6ab-9bc284240fba,1
chatcmpl-5aae70c9-a47e-4d46-8851-e904339c3093,1
chatcmpl-56b49d5d-038a-4bce-946a-b4f37598dcb8,1
chatcmpl-74babaf3-47ab-4482-9cda-197617f494d7,1
chatcmpl-a7e4838b-5480-4e6d-bf5a-8952e8e62fdf,1
chatcmpl-95be236a-51e5-4061-8c84-9e6abb6f2b12,1
chatcmpl-88b9eb51-32b1-4269-b80d-69c6a502b689,1
chatcmpl-51bac6f2-8fe1-4259-8188-bf10b9d9d27b,1
chatcmpl-adacba9e-4ff7-4909-ab96-95ad7c2b85ed,1
chatcmpl-e065c233-5ca1-4a3e-9f42-59088ee3ff75,1
chatcmpl-3466f54b-3eac-4cb5-8fc0-a1a3aa583d9d,1
chatcmpl-76f732a0-71de-47c4-86d7-c80c783682a1,1
chatcmpl-c999065b-c68e-4fff-89dd-c294f4c854ea,1
chatcmpl-a4ef2f5a-e510-41bc-897d-a388910dfc4e,1
chatcmpl-1c7d1dce-254b-4c0c-a0f1-d5f025753a02,1
chatcmpl-8e1d87fb-b944-4855-85f2-669e2ef8ac27,1
chatcmpl-f3b7728d-ee5c-442c-9cb7-94e2e636cde1,1
chatcmpl-d7f700e9-9de4-4114-abbc-67f6b8ec7be0,1
chatcmpl-44662f45-51e7-47a8-9569-fac15b08a18e,1
chatcmpl-a76ca7f3-1309-4423-a729-d78321aa7c3f,1
chatcmpl-00643ccb-2b6e-4f48-93f0-03f46cb45739,1
chatcmpl-f4f0043a-ee14-4e41-b7cd-05ba04a72a42,1
chatcmpl-592039c8-0db1-4a44-8afd-b9781afd8898,1
chatcmpl-227a1d04-8e48-4cfa-b654-e58ff07880c1,1
chatcmpl-99fba208-c973-44b2-acd9-58584e0674a6,1
chatcmpl-237cadb3-9602-4b48-b34d-348462f6940f,1
chatcmpl-b409ecc9-cdd6-419f-874a-f16e7bdb9137,1
chatcmpl-c0cb61e1-a4c3-480a-9622-ec859f16a664,1
chatcmpl-95286f7e-b299-4901-a67f-6caa1fb7534b,1
chatcmpl-4a39eef3-cba0-42ff-9888-46d4a6df52be,1
chatcmpl-725c113b-04cd-461f-a126-6b333b9ce96f,1
chatcmpl-b60e7d80-5a9e-4f0a-966b-7612c92db16d,1
chatcmpl-5ecf4f60-36c8-4dea-ac06-19536ad7ac6a,1
chatcmpl-fff97ffd-c8c2-4b71-99cf-aa5d6ac1c653,1
chatcmpl-9b0170a1-fd6d-42ff-8b9c-de20153016b2,1
chatcmpl-5585e5df-ed18-469d-9eeb-9c2128148ae9,1
chatcmpl-f9cf5a60-1ad9-4e63-bee7-9a1f8ac1b7d4,1
chatcmpl-5c1657df-34b7-4b6a-bbd4-84d15d543451,1
chatcmpl-27412041-8d67-4e94-a73b-17a77a76c4b4,1
chatcmpl-6943a9b9-0e37-40cb-a825-b3a1cdc14a79,1
chatcmpl-f00086c6-b05e-4126-ae29-32410b606996,1
chatcmpl-4c880b7c-4074-4dd3-995e-16f46addf680,1
chatcmpl-295ebcee-1969-46da-8ddd-052b8ff66312,1
chatcmpl-f3253047-2416-4338-b57b-ab778f7490e5,1
chatcmpl-87ae0864-3b9b-41a1-860c-a7a26d8a16e9,1
chatcmpl-f4a44e64-cf6f-4934-a5d8-efbb0e69e364,1
chatcmpl-466783f3-0057-4db0-bb73-43ad8ddf4a7f,1
chatcmpl-22fec0e2-19e3-4f6f-9642-0cf55e995015,1
chatcmpl-544fb26a-7fb0-46e4-9cf3-f63917cf6c2a,1
chatcmpl-810f8e8e-55b2-417a-864d-ab786293c38f,1
chatcmpl-3353e9ec-68a8-4152-b6ec-13f5cc47589b,1
chatcmpl-48bdc788-374f-410e-b38d-e5764ce792b5,1
chatcmpl-f52b16f3-f950-4f3d-9b19-d26ec9dfe2bb,1
chatcmpl-ba9e1ba5-4f0a-4bb0-b54b-70b7d91f6f05,1
chatcmpl-5baa79b3-4ba8-4992-b001-cd75dd5a6528,1
chatcmpl-771a129b-be48-457b-a4b1-e2b85d8c512c,1
chatcmpl-978e2199-6620-4908-aac1-ff822908510d,1
chatcmpl-0e2b6c97-431d-4086-9b98-7fc04bf2ee05,1
chatcmpl-428371ed-a560-4090-8966-0c14531040b0,1
chatcmpl-5611530e-c3b6-47f7-9c5b-26904516c3a1,1
chatcmpl-deb4813d-d026-4569-8b94-da473aed6c62,1
chatcmpl-d65940cb-dad9-4972-aa45-d467f5cf04c2,1
chatcmpl-f6b82451-5319-416d-9f7b-723b07926a0e,1
chatcmpl-2c3b3d0e-c207-4a27-bab2-78d0e2b6aa34,1
chatcmpl-ebb9f273-3e17-4d81-82dd-854b1512a637,1
chatcmpl-c45678c3-5a1b-4e1c-8d3f-c0f6204af457,1
chatcmpl-d81c0011-793a-4d2c-816f-cf2597f616e6,1
chatcmpl-15bf71e4-4e2b-43bc-a67a-4fff4c040079,1
chatcmpl-2f2d3e5a-b74c-404a-a2a2-cb89f947c452,1
chatcmpl-789b028c-1349-4955-bfa7-b980786289b6,1
chatcmpl-99c051ae-4a15-4557-9fe6-6691d84cc864,1
chatcmpl-ee61a4aa-4fe6-48be-99ff-58b8ae3f80e0,1
chatcmpl-479c5e53-331e-4f54-8108-7d04463828ca,1
chatcmpl-fe600e5c-0947-4393-b3a6-42f7573a3980,1
chatcmpl-4bfc1c8c-7e67-4e35-8882-da6afb45ac5d,1
chatcmpl-233d87ce-d57e-4e88-a4cd-c27f98e4a2c2,1
chatcmpl-c3135ec0-136b-4777-aded-30fe7cb116f8,1
chatcmpl-9b041271-f2a4-4454-87ba-3ccd783463ec,1
chatcmpl-85bd69b0-ebc2-49ee-a3c9-074942d400ee,1
chatcmpl-5fa2cc78-e17f-4e35-9d2f-c9c407c2037b,1
