start,end,duration_ms,poll_ts,poll_slack_ms,start_time_us,start_time_raw_s,start_time_s,start_time_to_poll_ms,post_begin_to_start_time_ms,post_cpu_ms,post_duration_ms,bytes_transferred,throughput_gbps,desc_count,req,handle,role,dp,tp,pid,n_blocks,remote_engine,remote_rank,interval_source
1780280964.2634666,1780280964.2659895,2.523,1780280964.2660465,0.05698204040527344,137334225133,137334.225133,1780280964.2634666,2.579927444458008,0.0054836273193359375,2.2013187408447266,2.18,3145728,1.2468204518430441,192,chatcmpl-6a82de0d-2f62-4a9a-b606-3606bd30f174-a89e33d4,"nixl_xfer_handle(0x5af9a3da85a0, released=False)",decode,0,0,452715,2,d61968e8-e4aa-43a2-8ca8-85b623ffd1e5_dp0,0,nixl_start_time
1780280964.2880397,1780280964.2895608,1.521,1780280964.2898273,0.2665519714355469,137334249706,137334.249706,1780280964.2880397,1.7876625061035156,0.005245208740234375,1.5456676483154297,1.521,3145728,2.0681972386587772,192,chatcmpl-21b057d9-8646-42cb-9dac-bbd98f9ac436-b86a11c7,"nixl_xfer_handle(0x556359958c20, released=False)",decode,1,0,452712,2,d61968e8-e4aa-43a2-8ca8-85b623ffd1e5_dp0,0,nixl_start_time
1780280964.3002076,1780280964.3008657,0.6579999999999999,1780280964.3012207,0.35500526428222656,137334261874,137334.261874,1780280964.3002076,1.013040542602539,0.002384185791015625,0.6759166717529297,0.658,1572864,2.390370820668693,48,chatcmpl-23e26d02-f6b1-416f-9035-5d11585fb8b1-8349479d,"nixl_xfer_handle(0x5af9a3da85a0, released=False)",decode,0,0,452715,1,d61968e8-e4aa-43a2-8ca8-85b623ffd1e5_dp1,0,nixl_start_time
1780280964.3491066,1780280964.3734095,24.303,1780280964.3734677,0.05817413330078125,137334310773,137334.310773,1780280964.3491066,24.361133575439453,0.0054836273193359375,8.243083953857422,8.215,45613056,1.8768487841007282,2784,chatcmpl-d36dd96f-4e43-4b8c-9d41-6a57fc65010d-ae23be8b,"nixl_xfer_handle(0x556359958c20, released=False)",decode,1,0,452712,29,d61968e8-e4aa-43a2-8ca8-85b623ffd1e5_dp0,0,nixl_start_time
1780280964.4588315,1780280964.4603536,1.522,1780280964.4606168,0.263214111328125,137334420498,137334.420498,1780280964.4588315,1.7852783203125,0.0050067901611328125,1.5447139739990234,1.522,3145728,2.066838370565046,192,chatcmpl-a976c9bb-2d96-4164-9c2a-9d0d2e190b35-bd865120,"nixl_xfer_handle(0x556359958c20, released=False)",decode,1,0,452712,2,d61968e8-e4aa-43a2-8ca8-85b623ffd1e5_dp0,0,nixl_start_time
1780280964.5695176,1780280964.5817206,12.203000000000001,1780280964.5817525,0.031948089599609375,137334531184,137334.531184,1780280964.5695176,12.234926223754883,0.0045299530029296875,5.6476593017578125,5.628,23592960,1.9333737605506842,1440,chatcmpl-c3a8dd76-b6f2-43be-bed2-5461f39709ff-a85083e1,"nixl_xfer_handle(0x556359958c20, released=False)",decode,1,0,452712,15,d61968e8-e4aa-43a2-8ca8-85b623ffd1e5_dp0,0,nixl_start_time
1780280964.5695276,1780280964.5715706,2.043,1780280964.5718534,0.2827644348144531,137334531194,137334.531194,1780280964.5695276,2.325773239135742,0.007867813110351562,2.0825862884521484,2.043,3145728,1.5397591776798825,192,chatcmpl-efc3ae3d-f393-4209-a45d-7b836a405f27-80225dff,"nixl_xfer_handle(0x5af9a3da85a0, released=False)",decode,0,0,452715,2,d61968e8-e4aa-43a2-8ca8-85b623ffd1e5_dp1,0,nixl_start_time
1780280964.7527657,1780280964.7562907,3.525,1780280964.756568,0.2772808074951172,137334714432,137334.714432,1780280964.7527657,3.8022994995117188,0.008106231689453125,3.5521984100341797,3.525,7864320,2.231012765957447,480,chatcmpl-4c118f4a-8b61-4036-b817-2086cdbbf064-bf87da70,"nixl_xfer_handle(0x556359958c20, released=False)",decode,1,0,452712,5,d61968e8-e4aa-43a2-8ca8-85b623ffd1e5_dp1,0,nixl_start_time
1780280964.7529676,1780280964.7748256,21.858,1780280964.7748432,0.017642974853515625,137334714634,137334.714634,1780280964.7529676,21.875619888305664,0.006198883056640625,7.225513458251953,7.181,55050240,2.518539665111172,3360,chatcmpl-e58583d9-ae0d-4f95-8c5d-cae21cae8515-814b18e0,"nixl_xfer_handle(0x5af9a3da85a0, released=False)",decode,0,0,452715,35,d61968e8-e4aa-43a2-8ca8-85b623ffd1e5_dp0,0,nixl_start_time
1780280964.7649887,1780280964.7654166,0.428,1780280964.7656775,0.2608299255371094,137334726655,137334.726655,1780280964.7649887,0.6887912750244141,0.0050067901611328125,0.4475116729736328,0.428,1572864,3.6749158878504673,48,chatcmpl-b1827a2c-8b8f-47f5-a9bd-a5da4979818e-99a30b22,"nixl_xfer_handle(0x556359958c20, released=False)",decode,1,0,452712,1,d61968e8-e4aa-43a2-8ca8-85b623ffd1e5_dp0,0,nixl_start_time
1780280964.7651277,1780280964.7894926,24.365000000000002,1780280964.7895203,0.02765655517578125,137334726794,137334.726794,1780280964.7651277,24.39260482788086,0.0040531158447265625,9.189367294311523,9.156,15728640,0.6455423763595322,960,chatcmpl-1468c29f-c934-4044-9cf2-504daab506f9-917f45e5,"nixl_xfer_handle(0x5af9a3eaa820, released=False)",decode,0,0,452715,10,d61968e8-e4aa-43a2-8ca8-85b623ffd1e5_dp1,0,nixl_start_time
1780280964.8014727,1780280964.8030658,1.593,1780280964.8033602,0.2944469451904297,137334763139,137334.763139,1780280964.8014727,1.8875598907470703,0.0035762786865234375,1.6160011291503906,1.593,3145728,1.9747193973634651,192,chatcmpl-0d3bcb46-18a0-481c-9702-31c34e905606-9b93d7c5,"nixl_xfer_handle(0x5af9a3da85a0, released=False)",decode,0,0,452715,2,d61968e8-e4aa-43a2-8ca8-85b623ffd1e5_dp0,0,nixl_start_time
1780280964.8746595,1780280964.8868616,12.202,1780280964.8868856,0.024080276489257812,137334836326,137334.836326,1780280964.8746595,12.226104736328125,0.0054836273193359375,6.863117218017578,6.843,28311552,2.3202386494017375,1728,chatcmpl-5ab4b4ad-04d7-458d-b189-f92e7b310a90-b2f612ca,"nixl_xfer_handle(0x556359958c20, released=False)",decode,1,0,452712,18,d61968e8-e4aa-43a2-8ca8-85b623ffd1e5_dp1,0,nixl_start_time
1780280964.9853866,1780280965.0117745,26.388,1780280965.0118122,0.037670135498046875,137334947053,137334.947053,1780280964.9853866,26.425600051879883,0.0059604644775390625,10.999441146850586,10.95,77070336,2.920658481127785,4704,chatcmpl-4fd3a3f0-afa9-4099-b0b0-e79a73536ad9-a5a4a7d0,"nixl_xfer_handle(0x5af9a3da85a0, released=False)",decode,0,0,452715,49,d61968e8-e4aa-43a2-8ca8-85b623ffd1e5_dp0,0,nixl_start_time
1780280965.0480115,1780280965.0494866,1.4749999999999999,1780280965.0497546,0.26798248291015625,137335009678,137335.009678,1780280965.0480115,1.7430782318115234,0.0040531158447265625,1.4998912811279297,1.475,3145728,2.1326969491525425,192,chatcmpl-35bb4b19-23da-45d0-9fbc-c8356fbf5728-80b743a2,"nixl_xfer_handle(0x556359988a20, released=False)",decode,1,0,452712,2,d61968e8-e4aa-43a2-8ca8-85b623ffd1e5_dp0,0,nixl_start_time
1780280965.0604787,1780280965.0624027,1.924,1780280965.0626762,0.2734661102294922,137335022145,137335.022145,1780280965.0604787,2.1975040435791016,0.0050067901611328125,1.9428730010986328,1.924,3145728,1.634993762993763,192,chatcmpl-6ef3bae0-108e-454c-a9a0-12819aee1a83-bda85bb7,"nixl_xfer_handle(0x5af9a3d77220, released=False)",decode,0,0,452715,2,d61968e8-e4aa-43a2-8ca8-85b623ffd1e5_dp1,0,nixl_start_time
1780280965.1832876,1780280965.2085607,25.273,1780280965.2085946,0.033855438232421875,137335144954,137335.144954,1780280965.1832876,25.30694007873535,0.0059604644775390625,10.365962982177734,10.342,56623104,2.240458354765956,3456,chatcmpl-e0bc4fd4-0bdc-4b92-9e6e-7245d95a3dd4-b41ba86c,"nixl_xfer_handle(0x556359988a20, released=False)",decode,1,0,452712,36,d61968e8-e4aa-43a2-8ca8-85b623ffd1e5_dp0,0,nixl_start_time
1780280965.2085447,1780280965.2206867,12.142,1780280965.2207143,0.02765655517578125,137335170211,137335.170211,1780280965.2085447,12.169599533081055,0.007152557373046875,6.093502044677734,6.057,26738688,2.2021650469444904,1632,chatcmpl-3adb597f-b160-4f15-b175-9fc89295e44a-b5494d7c,"nixl_xfer_handle(0x5af9a3d77220, released=False)",decode,0,0,452715,17,d61968e8-e4aa-43a2-8ca8-85b623ffd1e5_dp0,0,nixl_start_time
1780280965.2947917,1780280965.2962487,1.4569999999999999,1780280965.2965212,0.27251243591308594,137335256458,137335.256458,1780280965.2947917,1.7294883728027344,0.005245208740234375,1.4789104461669922,1.457,3145728,2.159044612216884,192,chatcmpl-3d09b7b9-2f40-4a3e-8644-85a28f405eda-96dc2822,"nixl_xfer_handle(0x556359988a20, released=False)",decode,1,0,452712,2,d61968e8-e4aa-43a2-8ca8-85b623ffd1e5_dp1,0,nixl_start_time
1780280965.3683627,1780280965.3707256,2.363,1780280965.370742,0.016450881958007812,137335330029,137335.330029,1780280965.3683627,2.3794174194335938,0.0050067901611328125,2.094745635986328,2.074,3145728,1.3312433347439694,192,chatcmpl-c7825594-efc3-48fc-9f55-409c30f69961-a747cf6d,"nixl_xfer_handle(0x5af9a38b5da0, released=False)",decode,0,0,452715,2,d61968e8-e4aa-43a2-8ca8-85b623ffd1e5_dp0,0,nixl_start_time
1780280965.4668877,1780280965.4916768,24.788999999999998,1780280965.4916954,0.018596649169921875,137335428554,137335.428554,1780280965.4668877,24.80769157409668,0.0050067901611328125,6.958961486816406,6.915,39321600,1.586251966598088,2400,chatcmpl-73b28112-db11-4edd-aaaf-5454ff5c858c-81c9f672,"nixl_xfer_handle(0x5af9a38b5da0, released=False)",decode,0,0,452715,25,d61968e8-e4aa-43a2-8ca8-85b623ffd1e5_dp1,0,nixl_start_time
1780280965.5534127,1780280965.5831416,29.729,1780280965.583158,0.016450881958007812,137335515079,137335.515079,1780280965.5534127,29.74534034729004,0.0073909759521484375,14.544010162353516,14.518,84934656,2.856963100003364,5184,chatcmpl-f43a33cc-c393-4a80-8063-0541dc9480fa-8d264b42,"nixl_xfer_handle(0x556359988a20, released=False)",decode,1,0,452712,54,d61968e8-e4aa-43a2-8ca8-85b623ffd1e5_dp0,0,nixl_start_time
1780280965.5830936,1780280965.6120527,28.959,1780280965.6120842,0.03147125244140625,137335544760,137335.54476,1780280965.5830936,28.990507125854492,0.004291534423828125,7.62629508972168,7.592,48758784,1.6837178079353567,2976,chatcmpl-2a7bead4-c802-49ce-bceb-34615af806f3-9a0750dc,"nixl_xfer_handle(0x5af9a38b5da0, released=False)",decode,0,0,452715,31,d61968e8-e4aa-43a2-8ca8-85b623ffd1e5_dp1,0,nixl_start_time
1780280965.5951207,1780280965.5979357,2.815,1780280965.5982,0.2644062042236328,137335556787,137335.556787,1780280965.5951207,3.0794143676757812,0.005245208740234375,2.8357505798339844,2.815,6291456,2.2349754884547073,384,chatcmpl-e75bf2dd-db95-4523-9c1c-0165d92f6d7f-85a8b4ea,"nixl_xfer_handle(0x556359988a20, released=False)",decode,1,0,452712,4,d61968e8-e4aa-43a2-8ca8-85b623ffd1e5_dp0,0,nixl_start_time
1780280965.5952597,1780280965.6200316,24.772,1780280965.620063,0.03147125244140625,137335556926,137335.556926,1780280965.5952597,24.80340003967285,0.00476837158203125,5.40471076965332,5.385,29884416,1.2063788147908932,1824,chatcmpl-37ab1b8f-05ed-48f9-b2b8-8245ca27919b-858640a2,"nixl_xfer_handle(0x5af9a3d7c6c0, released=False)",decode,0,0,452715,19,d61968e8-e4aa-43a2-8ca8-85b623ffd1e5_dp0,0,nixl_start_time
1780280965.6075387,1780280965.6110337,3.4949999999999997,1780280965.6112998,0.26607513427734375,137335569205,137335.569205,1780280965.6075387,3.7610530853271484,0.0045299530029296875,3.515958786010742,3.495,7864320,2.2501630901287557,480,chatcmpl-146a193e-6352-4fb0-9845-c10e4c52ba9d-8b604dc9,"nixl_xfer_handle(0x556359988a20, released=False)",decode,1,0,452712,5,d61968e8-e4aa-43a2-8ca8-85b623ffd1e5_dp1,0,nixl_start_time
1780280965.6076977,1780280965.6200926,12.395,1780280965.6201196,0.026941299438476562,137335569364,137335.569364,1780280965.6076977,12.421846389770508,0.0059604644775390625,3.948688507080078,3.929,31457280,2.5379007664380797,1920,chatcmpl-0481e5a1-0d6f-4241-b2dd-c9ce8d755c0f-95203836,"nixl_xfer_handle(0x5af9a41def20, released=False)",decode,0,0,452715,20,d61968e8-e4aa-43a2-8ca8-85b623ffd1e5_dp1,0,nixl_start_time
1780280965.6935418,1780280965.7181227,24.581,1780280965.7181551,0.0324249267578125,137335655208,137335.655208,1780280965.6935418,24.613380432128906,0.0095367431640625,8.864641189575195,8.84,51904512,2.1115703999023636,3168,chatcmpl-7228d033-5e46-49fa-a6a8-5ebaffbf1dd3-892522cf,"nixl_xfer_handle(0x556359988a20, released=False)",decode,1,0,452712,33,d61968e8-e4aa-43a2-8ca8-85b623ffd1e5_dp0,0,nixl_start_time
1780280965.8042736,1780280965.8303666,26.093,1780280965.8304102,0.04363059997558594,137335765940,137335.76594,1780280965.8042736,26.13663673400879,0.0054836273193359375,10.948896408081055,10.926,70778880,2.712561989805695,4320,chatcmpl-095f3158-53e9-4223-ad6f-c909029ff5d5-aaaf8cd5,"nixl_xfer_handle(0x556359988a20, released=False)",decode,1,0,452712,45,d61968e8-e4aa-43a2-8ca8-85b623ffd1e5_dp0,0,nixl_start_time
1780280965.8043177,1780280965.8305187,26.200999999999997,1780280965.830537,0.018358230590820312,137335765984,137335.765984,1780280965.8043177,26.21936798095703,0.005245208740234375,5.536317825317383,5.503,55050240,2.101074004808977,3360,chatcmpl-1aed21fc-727a-4c3a-aacd-e8013f58aea8-b31815fe,"nixl_xfer_handle(0x5af9a41afd20, released=False)",decode,0,0,452715,35,d61968e8-e4aa-43a2-8ca8-85b623ffd1e5_dp1,0,nixl_start_time
1780280965.8422716,1780280965.8443785,2.1069999999999998,1780280965.8446445,0.26607513427734375,137335803938,137335.803938,1780280965.8422716,2.3729801177978516,0.0045299530029296875,2.1317005157470703,2.107,4718592,2.239483626008543,288,chatcmpl-346972cf-d0d4-4d8b-9a83-145d893681de-ad397f01,"nixl_xfer_handle(0x55635997f210, released=False)",decode,1,0,452712,3,d61968e8-e4aa-43a2-8ca8-85b623ffd1e5_dp0,0,nixl_start_time
1780280965.9035997,1780280965.9155657,11.966,1780280965.9155946,0.028848648071289062,137335865266,137335.865266,1780280965.9035997,11.99483871459961,0.0050067901611328125,3.068685531616211,3.048,17301504,1.4458886846063848,1056,chatcmpl-01732eb5-9120-4703-8d21-7e63f9c7ef25-98f510ae,"nixl_xfer_handle(0x55635997f210, released=False)",decode,1,0,452712,11,d61968e8-e4aa-43a2-8ca8-85b623ffd1e5_dp1,0,nixl_start_time
1780280965.9891987,1780280966.0101287,20.93,1780280966.0101426,0.013828277587890625,137335950865,137335.950865,1780280965.9891987,20.943880081176758,0.0054836273193359375,5.311727523803711,5.272,58195968,2.7805049211657904,3552,chatcmpl-d26b2a1d-0f82-415a-8a1b-93306961c11b-8e833fa1,"nixl_xfer_handle(0x5af9a3e01ee0, released=False)",decode,0,0,452715,37,d61968e8-e4aa-43a2-8ca8-85b623ffd1e5_dp0,0,nixl_start_time
1780280966.0014136,1780280966.0055995,4.186,1780280966.0058422,0.24271011352539062,137335963080,137335.96308,1780280966.0014136,4.428625106811523,0.0045299530029296875,4.209041595458984,4.186,9437184,2.2544634495938847,576,chatcmpl-4159a4a4-1887-4f64-af14-5a01fe607663-96c9cc2a,"nixl_xfer_handle(0x556359986b80, released=False)",decode,1,0,452712,6,d61968e8-e4aa-43a2-8ca8-85b623ffd1e5_dp1,0,nixl_start_time
1780280966.0014787,1780280966.0286968,27.218,1780280966.0287364,0.039577484130859375,137335963145,137335.963145,1780280966.0014787,27.257680892944336,0.00476837158203125,8.06283950805664,8.034,11010048,0.4045134837240062,672,chatcmpl-ba52e5cf-d284-48c7-9e1e-e00c6aa96633-93fa0270,"nixl_xfer_handle(0x5af9a3d7c6c0, released=False)",decode,0,0,452715,7,d61968e8-e4aa-43a2-8ca8-85b623ffd1e5_dp1,0,nixl_start_time
1780280966.0136626,1780280966.0199497,6.287,1780280966.0202267,0.2770423889160156,137335975329,137335.975329,1780280966.0136626,6.564140319824219,0.0045299530029296875,6.313800811767578,6.287,14155776,2.251594719261969,864,chatcmpl-6b70fee9-001d-4dc0-8884-f9e8d89d939d-81472b48,"nixl_xfer_handle(0x556359986b80, released=False)",decode,1,0,452712,9,d61968e8-e4aa-43a2-8ca8-85b623ffd1e5_dp0,0,nixl_start_time
1780280966.0261457,1780280966.0283086,2.163,1780280966.0287561,0.4475116729736328,137335987812,137335.987812,1780280966.0261457,2.610445022583008,0.0040531158447265625,2.1865367889404297,2.163,3145728,1.4543356449375868,192,chatcmpl-cc1468ec-a582-4be9-b485-c8abd83f748e-9e5ada67,"nixl_xfer_handle(0x5af9a3e01ee0, released=False)",decode,0,0,452715,2,d61968e8-e4aa-43a2-8ca8-85b623ffd1e5_dp0,0,nixl_start_time
1780280966.0625887,1780280966.0748258,12.237,1780280966.0748749,0.049114227294921875,137336024255,137336.024255,1780280966.0625887,12.286186218261719,0.005245208740234375,4.337072372436523,4.318,20447232,1.670935033096347,1248,chatcmpl-0565be60-572e-4087-b817-56d5a8ac8d67-9e706dd6,"nixl_xfer_handle(0x556359986b80, released=False)",decode,1,0,452712,13,d61968e8-e4aa-43a2-8ca8-85b623ffd1e5_dp1,0,nixl_start_time
1780280966.1598656,1780280966.1613245,1.459,1780280966.1615965,0.2720355987548828,137336121532,137336.121532,1780280966.1598656,1.7309188842773438,0.00476837158203125,1.4917850494384766,1.459,3145728,2.1560849897189858,192,chatcmpl-3d9849fa-5244-4454-a631-d8d84479b10c-940378a8,"nixl_xfer_handle(0x556359986b80, released=False)",decode,1,0,452712,2,d61968e8-e4aa-43a2-8ca8-85b623ffd1e5_dp0,0,nixl_start_time
1780280966.3559077,1780280966.3569577,1.05,1780280966.3569913,0.03361701965332031,137336317574,137336.317574,1780280966.3559077,1.0836124420166016,0.0040531158447265625,0.6706714630126953,0.647,1572864,1.4979657142857143,48,chatcmpl-93f53e72-f74e-446c-9ae3-e4f2b7348c93-8f63284d,"nixl_xfer_handle(0x5af9a3e01ee0, released=False)",decode,0,0,452715,1,d61968e8-e4aa-43a2-8ca8-85b623ffd1e5_dp0,0,nixl_start_time
1780280966.3560476,1780280966.3841267,28.079,1780280966.3841646,0.03790855407714844,137336317714,137336.317714,1780280966.3560476,28.116941452026367,0.0059604644775390625,13.231515884399414,13.207,80216064,2.8567991737597493,4896,chatcmpl-b52872f4-877f-4cee-a968-b58ba1579393-8d6b0bb2,"nixl_xfer_handle(0x556359986b80, released=False)",decode,1,0,452712,51,d61968e8-e4aa-43a2-8ca8-85b623ffd1e5_dp1,0,nixl_start_time
1780280966.4451456,1780280966.4501667,5.021,1780280966.4504566,0.2899169921875,137336406812,137336.406812,1780280966.4451456,5.311012268066406,0.0045299530029296875,5.046367645263672,5.021,11010048,2.1927998406691893,672,chatcmpl-2ace9b0f-8eee-4d32-813b-7b3ca4b12fe4-b5878027,"nixl_xfer_handle(0x556359986b80, released=False)",decode,1,0,452712,7,d61968e8-e4aa-43a2-8ca8-85b623ffd1e5_dp0,0,nixl_start_time
1780280966.5419216,1780280966.5460796,4.158,1780280966.5463612,0.2815723419189453,137336503588,137336.503588,1780280966.5419216,4.439592361450195,0.0054836273193359375,4.180192947387695,4.158,9437184,2.2696450216450215,576,chatcmpl-5dda9474-0f7c-4dea-b052-a966130e34e3-be564ab9,"nixl_xfer_handle(0x556359986b80, released=False)",decode,1,0,452712,6,d61968e8-e4aa-43a2-8ca8-85b623ffd1e5_dp1,0,nixl_start_time
1780280966.6394446,1780280966.6401117,0.6669999999999999,1780280966.6405165,0.4048347473144531,137336601111,137336.601111,1780280966.6394446,1.071929931640625,0.0054836273193359375,0.6856918334960938,0.667,1572864,2.3581169415292353,48,chatcmpl-baec1e9f-0502-4e90-8915-0a54202433f6-931c865b,"nixl_xfer_handle(0x5af9a3e01ee0, released=False)",decode,0,0,452715,1,d61968e8-e4aa-43a2-8ca8-85b623ffd1e5_dp0,0,nixl_start_time
1780280966.8228137,1780280966.8350856,12.272,1780280966.8351066,0.0209808349609375,137336784480,137336.78448,1780280966.8228137,12.292861938476562,0.005245208740234375,3.534555435180664,3.508,28311552,2.3070039113428944,1728,chatcmpl-023522b4-5693-499c-9f33-ece2531944b2-8e8b6efd,"nixl_xfer_handle(0x556359986b80, released=False)",decode,1,0,452712,18,d61968e8-e4aa-43a2-8ca8-85b623ffd1e5_dp0,0,nixl_start_time
1780280966.8838856,1780280966.8850555,1.17,1780280966.8850696,0.014066696166992188,137336845552,137336.845552,1780280966.8838856,1.1839866638183594,0.0040531158447265625,0.7867813110351562,0.766,1572864,1.344328205128205,48,chatcmpl-5314d278-5874-4920-b07a-453a4e6dd503-959080ff,"nixl_xfer_handle(0x5af9a3e01ee0, released=False)",decode,0,0,452715,1,d61968e8-e4aa-43a2-8ca8-85b623ffd1e5_dp1,0,nixl_start_time
1780280966.9326777,1780280966.9412947,8.616999999999999,1780280966.9416802,0.38552284240722656,137336894344,137336.894344,1780280966.9326777,9.002447128295898,0.004291534423828125,8.636713027954102,8.617,12582912,1.4602427759080887,768,chatcmpl-2ebbb306-6633-402a-b69a-76822e9689b8-a3f5a7a3,"nixl_xfer_handle(0x5af9a3e01ee0, released=False)",decode,0,0,452715,8,d61968e8-e4aa-43a2-8ca8-85b623ffd1e5_dp0,0,nixl_start_time
1780280966.9571366,1780280966.9699457,12.809,1780280966.9699686,0.02288818359375,137336918803,137336.918803,1780280966.9571366,12.831926345825195,0.0040531158447265625,7.86900520324707,7.849,29884416,2.333079553438988,1824,chatcmpl-da521fce-8282-4944-bd72-0e04173bc553-8d24db97,"nixl_xfer_handle(0x55635995eee0, released=False)",decode,1,0,452712,19,d61968e8-e4aa-43a2-8ca8-85b623ffd1e5_dp1,0,nixl_start_time
1780280966.9940627,1780280966.9975097,3.447,1780280966.997771,0.2613067626953125,137336955729,137336.955729,1780280966.9940627,3.708362579345703,0.0030994415283203125,3.469705581665039,3.447,7864320,2.281496953872933,480,chatcmpl-09537bf5-9cdd-46c2-9768-f0e4c9faa1da-82923d9d,"nixl_xfer_handle(0x556359980ce0, released=False)",decode,1,0,452712,5,d61968e8-e4aa-43a2-8ca8-85b623ffd1e5_dp1,0,nixl_start_time
1780280967.0552127,1780280967.0797846,24.572,1780280967.07982,0.03528594970703125,137337016879,137337.016879,1780280967.0552127,24.607181549072266,0.005245208740234375,4.781007766723633,4.74,42467328,1.728281295783819,2592,chatcmpl-61655594-c896-45ce-a5cd-594d1928c9cc-966abf85,"nixl_xfer_handle(0x5af9a3e01ee0, released=False)",decode,0,0,452715,27,d61968e8-e4aa-43a2-8ca8-85b623ffd1e5_dp0,0,nixl_start_time
1780280967.0795066,1780280967.0817127,2.206,1780280967.0819743,0.26154518127441406,137337041173,137337.041173,1780280967.0795066,2.467632293701172,0.0030994415283203125,2.2253990173339844,2.206,4718592,2.1389809610154127,288,chatcmpl-6e75c084-8eaa-4dfe-a660-b25eba8c59a6-9090a244,"nixl_xfer_handle(0x556359980ce0, released=False)",decode,1,0,452712,3,d61968e8-e4aa-43a2-8ca8-85b623ffd1e5_dp0,0,nixl_start_time
1780280967.1039827,1780280967.1159308,11.948,1780280967.1159675,0.036716461181640625,137337065649,137337.065649,1780280967.1039827,11.984825134277344,0.0057220458984375,4.48155403137207,4.448,31457280,2.6328490123870103,1920,chatcmpl-3b27b960-c3cb-4c97-936d-1726d387b1d9-81629b40,"nixl_xfer_handle(0x5af9a3e01ee0, released=False)",decode,0,0,452715,20,d61968e8-e4aa-43a2-8ca8-85b623ffd1e5_dp1,0,nixl_start_time
1780280967.2748888,1780280967.2889218,14.033,1780280967.2889555,0.03361701965332031,137337236555,137337.236555,1780280967.2748888,14.066696166992188,0.0064373016357421875,4.1065216064453125,4.065,26738688,1.9054149504738829,1632,chatcmpl-da53ae09-f537-49e1-af0c-e3b1e6b81668-8ae3d753,"nixl_xfer_handle(0x5af9a3e01ee0, released=False)",decode,0,0,452715,17,d61968e8-e4aa-43a2-8ca8-85b623ffd1e5_dp1,0,nixl_start_time
1780280967.2749166,1780280967.3000236,25.107,1780280967.3000572,0.03361701965332031,137337236583,137337.236583,1780280967.2749166,25.14052391052246,0.006198883056640625,10.048151016235352,10.024,58195968,2.317918030828056,3552,chatcmpl-8f4d1de1-2bfa-440c-a33f-0938091c8b8d-a1bcc6ad,"nixl_xfer_handle(0x556359980ce0, released=False)",decode,1,0,452712,37,d61968e8-e4aa-43a2-8ca8-85b623ffd1e5_dp0,0,nixl_start_time
1780280967.3246396,1780280967.3250794,0.44,1780280967.3268259,1.7464160919189453,137337286306,137337.286306,1780280967.3246396,2.186298370361328,0.0040531158447265625,0.45800209045410156,0.44,1572864,3.574690909090909,48,chatcmpl-f37f07b3-4250-470b-bca4-d72db175b36b-807d8048,"nixl_xfer_handle(0x556359980ce0, released=False)",decode,1,0,452712,1,d61968e8-e4aa-43a2-8ca8-85b623ffd1e5_dp0,0,nixl_start_time
1780280967.3247857,1780280967.3367248,11.939,1780280967.3367553,0.030517578125,137337286452,137337.286452,1780280967.3247857,11.969566345214844,0.005245208740234375,4.283666610717773,4.245,31457280,2.634833738169026,1920,chatcmpl-8109c188-49db-4c8a-9d46-aacb4e361c0c-87d5a9fe,"nixl_xfer_handle(0x5af9a38b9640, released=False)",decode,0,0,452715,20,d61968e8-e4aa-43a2-8ca8-85b623ffd1e5_dp1,0,nixl_start_time
1780280967.3251636,1780280967.3265676,1.4040000000000001,1780280967.3268425,0.27489662170410156,137337286830,137337.28683,1780280967.3251636,1.6789436340332031,0.003337860107421875,1.4176368713378906,1.404,3145728,2.2405470085470087,192,chatcmpl-9078b953-3b10-48bc-87dc-1c9c4a5eafd5-becabaa4,"nixl_xfer_handle(0x5563599aa860, released=False)",decode,1,0,452712,2,d61968e8-e4aa-43a2-8ca8-85b623ffd1e5_dp1,0,nixl_start_time
1780280967.6532416,1780280967.6582227,4.981,1780280967.658649,0.42629241943359375,137337614908,137337.614908,1780280967.6532416,5.4073333740234375,0.0073909759521484375,5.021095275878906,4.981,7864320,1.5788636819915678,480,chatcmpl-4e705330-6bef-43b5-a078-f42aa4d71bf9-ae69d2b6,"nixl_xfer_handle(0x5af9a3db7fa0, released=False)",decode,0,0,452715,5,d61968e8-e4aa-43a2-8ca8-85b623ffd1e5_dp0,0,nixl_start_time
1780280967.7389956,1780280967.7518075,12.812000000000001,1780280967.7518356,0.028133392333984375,137337700662,137337.700662,1780280967.7389956,12.840032577514648,0.0054836273193359375,4.545688629150391,4.507,25165824,1.9642385263815172,1536,chatcmpl-d7739b89-4590-44b5-96d5-74985b1292b7-8c05e233,"nixl_xfer_handle(0x5af9a3db7fa0, released=False)",decode,0,0,452715,16,d61968e8-e4aa-43a2-8ca8-85b623ffd1e5_dp1,0,nixl_start_time
1780280967.7636325,1780280967.7760875,12.455,1780280967.776113,0.025510787963867188,137337725299,137337.725299,1780280967.7636325,12.480497360229492,0.00476837158203125,3.7429332733154297,3.697,20447232,1.6416886391007626,1248,chatcmpl-a3c43a26-6a19-4a6a-8b42-00d3a37c63de-952efc2d,"nixl_xfer_handle(0x5af9a3db7fa0, released=False)",decode,0,0,452715,13,d61968e8-e4aa-43a2-8ca8-85b623ffd1e5_dp1,0,nixl_start_time
1780280967.8370986,1780280967.8749745,37.876,1780280967.874999,0.024557113647460938,137337798765,137337.798765,1780280967.8370986,37.900447845458984,0.005245208740234375,18.7528133392334,18.717,81788928,2.1593866300559723,4992,chatcmpl-d88d6e2d-8cf9-4f2e-ba19-13277ee5a064-bf9ec1f9,"nixl_xfer_handle(0x5af9a3db7fa0, released=False)",decode,0,0,452715,52,d61968e8-e4aa-43a2-8ca8-85b623ffd1e5_dp0,0,nixl_start_time
1780280967.8707626,1780280967.8831906,12.427999999999999,1780280967.8832178,0.027179718017578125,137337832429,137337.832429,1780280967.8707626,12.455224990844727,0.004291534423828125,3.807544708251953,3.788,26738688,2.151487608625684,1632,chatcmpl-86a401b3-51ef-4e86-b11a-b9ae154eaf12-8cf13107,"nixl_xfer_handle(0x5af9a3d7c6c0, released=False)",decode,0,0,452715,17,d61968e8-e4aa-43a2-8ca8-85b623ffd1e5_dp1,0,nixl_start_time
1780280967.9316306,1780280967.9322217,0.5910000000000001,1780280967.9326453,0.42366981506347656,137337893297,137337.893297,1780280967.9316306,1.01470947265625,0.004291534423828125,0.6084442138671875,0.591,1572864,2.66136040609137,48,chatcmpl-a62e8aee-9cae-42fa-9d44-3fae5055e4d8-a0f3e33f,"nixl_xfer_handle(0x5af9a3db7fa0, released=False)",decode,0,0,452715,1,d61968e8-e4aa-43a2-8ca8-85b623ffd1e5_dp0,0,nixl_start_time
1780280967.9317877,1780280967.9562247,24.437,1780280967.9562473,0.022649765014648438,137337893454,137337.893454,1780280967.9317877,24.4596004486084,0.0045299530029296875,8.798837661743164,8.779,50331648,2.059649220444408,3072,chatcmpl-be08fe81-4edb-4798-af3b-4073005a3a77-aa6e573c,"nixl_xfer_handle(0x5563599aa860, released=False)",decode,1,0,452712,32,d61968e8-e4aa-43a2-8ca8-85b623ffd1e5_dp0,0,nixl_start_time
1780280967.9806187,1780280967.9930208,12.402,1780280967.9930453,0.024557113647460938,137337942285,137337.942285,1780280967.9806187,12.426614761352539,0.0054836273193359375,3.474712371826172,3.441,18874368,1.5218809869375909,1152,chatcmpl-be819431-30a5-4ca4-945b-abd8e7e0064a-938ffeef,"nixl_xfer_handle(0x5af9a3db7fa0, released=False)",decode,0,0,452715,12,d61968e8-e4aa-43a2-8ca8-85b623ffd1e5_dp0,0,nixl_start_time
1780280968.0177407,1780280968.0419087,24.168,1780280968.0419345,0.02574920654296875,137337979407,137337.979407,1780280968.0177407,24.193763732910156,0.005245208740234375,4.628419876098633,4.604,40894464,1.6920913604766634,2496,chatcmpl-d9551328-b6ce-4f70-9b36-07f5e85f7269-a745fc78,"nixl_xfer_handle(0x5af9a3db7fa0, released=False)",decode,0,0,452715,26,d61968e8-e4aa-43a2-8ca8-85b623ffd1e5_dp1,0,nixl_start_time
1780280968.2481666,1780280968.2487655,0.599,1780280968.2491453,0.37980079650878906,137338209833,137338.209833,1780280968.2481666,0.9787082672119141,0.0045299530029296875,0.6232261657714844,0.599,1572864,2.625816360601002,48,chatcmpl-1b0cf003-5218-4355-9b26-aa0bae0258fe-978d064b,"nixl_xfer_handle(0x5af9a3d88420, released=False)",decode,0,0,452715,1,d61968e8-e4aa-43a2-8ca8-85b623ffd1e5_dp0,0,nixl_start_time
1780280968.3088727,1780280968.3208797,12.007,1780280968.3209107,0.030994415283203125,137338270539,137338.270539,1780280968.3088727,12.037992477416992,0.0054836273193359375,4.388332366943359,4.346,28311552,2.3579205463479638,1728,chatcmpl-0ebca902-9aa3-46e2-9f9d-77e9a19fe9cc-8ed3bfe1,"nixl_xfer_handle(0x5af9a3d88420, released=False)",decode,0,0,452715,18,d61968e8-e4aa-43a2-8ca8-85b623ffd1e5_dp1,0,nixl_start_time
1780280968.4065657,1780280968.4337447,27.179,1780280968.433767,0.022411346435546875,137338368232,137338.368232,1780280968.4065657,27.201414108276367,0.0059604644775390625,12.267112731933594,12.243,77070336,2.835657529710438,4704,chatcmpl-a863d1cb-7827-47e9-ae81-6734f41a79d2-995afc49,"nixl_xfer_handle(0x5563599aa860, released=False)",decode,1,0,452712,49,d61968e8-e4aa-43a2-8ca8-85b623ffd1e5_dp0,0,nixl_start_time
1780280968.4579766,1780280968.4701726,12.196,1780280968.4702024,0.029802322387695312,137338419643,137338.419643,1780280968.4579766,12.225866317749023,0.004291534423828125,3.345489501953125,3.311,18874368,1.5475867497540177,1152,chatcmpl-3380e12a-2817-4210-ade1-33813230d690-b861324d,"nixl_xfer_handle(0x5af9a3d88420, released=False)",decode,0,0,452715,12,d61968e8-e4aa-43a2-8ca8-85b623ffd1e5_dp0,0,nixl_start_time
1780280968.4698877,1780280968.4713907,1.503,1780280968.4716566,0.2658367156982422,137338431554,137338.431554,1780280968.4698877,1.7688274383544922,0.005245208740234375,1.5285015106201172,1.503,3145728,2.092966067864271,192,chatcmpl-b3aabdb4-5267-4944-8588-7ba5bba7a1d2-80e0772a,"nixl_xfer_handle(0x5563599aa860, released=False)",decode,1,0,452712,2,d61968e8-e4aa-43a2-8ca8-85b623ffd1e5_dp0,0,nixl_start_time
1780280968.5066895,1780280968.5310576,24.368000000000002,1780280968.5311043,0.04673004150390625,137338468356,137338.468356,1780280968.5066895,24.414777755737305,0.0050067901611328125,5.11479377746582,5.08,40894464,1.678203545633618,2496,chatcmpl-adaa6feb-67f1-490b-ba01-c1fb55736492-90bafaa4,"nixl_xfer_handle(0x5af9a3d88420, released=False)",decode,0,0,452715,26,d61968e8-e4aa-43a2-8ca8-85b623ffd1e5_dp1,0,nixl_start_time
1780280968.5911596,1780280968.6152785,24.119,1780280968.6153011,0.022649765014648438,137338552826,137338.552826,1780280968.5911596,24.141550064086914,0.004291534423828125,8.964776992797852,8.943,56623104,2.3476555412745137,3456,chatcmpl-db9a01f3-204b-46bf-b10b-4697e460a4d5-8c5787d3,"nixl_xfer_handle(0x5563599aa860, released=False)",decode,1,0,452712,36,d61968e8-e4aa-43a2-8ca8-85b623ffd1e5_dp0,0,nixl_start_time
1780280968.6035857,1780280968.6058128,2.227,1780280968.6061893,0.3764629364013672,137338565252,137338.565252,1780280968.6035857,2.6035308837890625,0.0040531158447265625,2.2475719451904297,2.227,3145728,1.4125406376290974,192,chatcmpl-6afca7b0-675e-49ed-885a-a2672f8a4939-b675b3b0,"nixl_xfer_handle(0x5af9a3d88420, released=False)",decode,0,0,452715,2,d61968e8-e4aa-43a2-8ca8-85b623ffd1e5_dp1,0,nixl_start_time
1780280968.6275346,1780280968.6279707,0.43600000000000005,1780280968.6282349,0.26416778564453125,137338589201,137338.589201,1780280968.6275346,0.7002353668212891,0.0030994415283203125,0.45609474182128906,0.436,1572864,3.60748623853211,48,chatcmpl-733724fd-3006-4068-bdca-b4c4c7757491-862cd03c,"nixl_xfer_handle(0x5563599aa860, released=False)",decode,1,0,452712,1,d61968e8-e4aa-43a2-8ca8-85b623ffd1e5_dp0,0,nixl_start_time
1780280968.6276226,1780280968.6319296,4.307,1780280968.6322908,0.3612041473388672,137338589289,137338.589289,1780280968.6276226,4.668235778808594,0.0050067901611328125,4.327297210693359,4.307,6291456,1.4607513350359878,384,chatcmpl-5b6f8319-32d5-453d-8018-a392756e4f76-b9953650,"nixl_xfer_handle(0x5af9a3d88420, released=False)",decode,0,0,452715,4,d61968e8-e4aa-43a2-8ca8-85b623ffd1e5_dp0,0,nixl_start_time
1780280968.7614956,1780280968.7999525,38.457,1780280968.8000033,0.05078315734863281,137338723162,137338.723162,1780280968.7614956,38.507699966430664,0.0059604644775390625,18.29218864440918,18.255,78643200,2.0449645058116857,4800,chatcmpl-d99bc060-f2ab-40a2-819d-80990ab95060-8acb6f9a,"nixl_xfer_handle(0x5af9a3d88420, released=False)",decode,0,0,452715,50,d61968e8-e4aa-43a2-8ca8-85b623ffd1e5_dp1,0,nixl_start_time
1780280968.7944257,1780280968.8066976,12.272,1780280968.8067467,0.049114227294921875,137338756092,137338.756092,1780280968.7944257,12.320995330810547,0.0057220458984375,5.278825759887695,5.259,18874368,1.5380026075619297,1152,chatcmpl-e00267a3-da4d-440b-85ae-818c08e3ac01-88e50543,"nixl_xfer_handle(0x5563599aa860, released=False)",decode,1,0,452712,12,d61968e8-e4aa-43a2-8ca8-85b623ffd1e5_dp0,0,nixl_start_time
1780280968.7945387,1780280968.8068557,12.317,1780280968.8068924,0.036716461181640625,137338756205,137338.756205,1780280968.7945387,12.353658676147461,0.0057220458984375,3.2393932342529297,3.22,17301504,1.4046849070390517,1056,chatcmpl-a27b2c41-e285-4dec-ac88-9f3e1d3a0037-a66e13a8,"nixl_xfer_handle(0x5af9a3dc06e0, released=False)",decode,0,0,452715,11,d61968e8-e4aa-43a2-8ca8-85b623ffd1e5_dp0,0,nixl_start_time
1780280968.7978606,1780280968.8069267,9.065999999999999,1780280968.8069406,0.013828277587890625,137338759527,137338.759527,1780280968.7978606,9.079933166503906,0.0021457672119140625,1.6987323760986328,1.683,3145728,0.34698080741230974,192,chatcmpl-d1fe81ba-df1b-444b-a99d-44be5852ca98-9162d7e1,"nixl_xfer_handle(0x5af9a38b5da0, released=False)",decode,0,0,452715,2,d61968e8-e4aa-43a2-8ca8-85b623ffd1e5_dp1,0,nixl_start_time
1780280968.8189557,1780280968.8311667,12.211,1780280968.8312266,0.05984306335449219,137338780622,137338.780622,1780280968.8189557,12.270927429199219,0.0057220458984375,7.755756378173828,7.735,31457280,2.576142822045697,1920,chatcmpl-47d8fa7d-db6a-4df8-b2f8-0d5b78bcd48c-ba3334a8,"nixl_xfer_handle(0x5563599aa860, released=False)",decode,1,0,452712,20,d61968e8-e4aa-43a2-8ca8-85b623ffd1e5_dp0,0,nixl_start_time
1780280968.9407046,1780280968.9646485,23.944,1780280968.9646902,0.04172325134277344,137338902371,137338.902371,1780280968.9407046,23.985624313354492,0.0057220458984375,6.011724472045898,5.977,62914560,2.627570998997661,3840,chatcmpl-3aefbdc7-40c5-4093-8764-5b8ba3d4b81e-8bef48b0,"nixl_xfer_handle(0x5af9a38b5da0, released=False)",decode,0,0,452715,40,d61968e8-e4aa-43a2-8ca8-85b623ffd1e5_dp1,0,nixl_start_time
1780280968.9521637,1780280968.9526126,0.449,1780280968.9528763,0.2636909484863281,137338913830,137338.91383,1780280968.9521637,0.7126331329345703,0.0040531158447265625,0.4680156707763672,0.449,1572864,3.503037861915367,48,chatcmpl-babad501-a043-42c3-9475-e9f9b396390a-aee588d3,"nixl_xfer_handle(0x5563599aa860, released=False)",decode,1,0,452712,1,d61968e8-e4aa-43a2-8ca8-85b623ffd1e5_dp0,0,nixl_start_time
1780280969.0371218,1780280969.0637128,26.591,1780280969.063726,0.013113021850585938,137338998788,137338.998788,1780280969.0371218,26.604175567626953,0.0059604644775390625,10.060548782348633,10.037,61341696,2.306859313301493,3744,chatcmpl-5f0ae872-e447-4f4b-8ee0-17abbded9c99-814ff453,"nixl_xfer_handle(0x5563599aa860, released=False)",decode,1,0,452712,39,d61968e8-e4aa-43a2-8ca8-85b623ffd1e5_dp1,0,nixl_start_time
1780280969.0509558,1780280969.0535288,2.5730000000000004,1780280969.0535698,0.04100799560546875,137339012622,137339.012622,1780280969.0509558,2.6140213012695312,0.0040531158447265625,2.2954940795898438,2.269,3145728,1.2225915273999222,192,chatcmpl-2ceffb33-6ba0-4ad8-83ea-93dfb53559b9-90ff2d1f,"nixl_xfer_handle(0x5af9a38b5da0, released=False)",decode,0,0,452715,2,d61968e8-e4aa-43a2-8ca8-85b623ffd1e5_dp0,0,nixl_start_time
1780280969.0619535,1780280969.0634484,1.495,1780280969.0637476,0.29921531677246094,137339023620,137339.02362,1780280969.0619535,1.7940998077392578,0.0050067901611328125,1.5163421630859375,1.495,3145728,2.104165886287625,192,chatcmpl-3e008e5b-b821-455a-90eb-5d18ce0ec3ab-b92173a9,"nixl_xfer_handle(0x556359980ce0, released=False)",decode,1,0,452712,2,d61968e8-e4aa-43a2-8ca8-85b623ffd1e5_dp1,0,nixl_start_time
1780280969.0990627,1780280969.1105907,11.528,1780280969.1106396,0.04887580871582031,137339060729,137339.060729,1780280969.0990627,11.57689094543457,0.0040531158447265625,0.8707046508789062,0.851,1572864,0.1364385843164469,48,chatcmpl-61c7cef3-1a4e-47fc-98cc-7253adecce3c-9fea4ebf,"nixl_xfer_handle(0x5af9a38b5da0, released=False)",decode,0,0,452715,1,d61968e8-e4aa-43a2-8ca8-85b623ffd1e5_dp1,0,nixl_start_time
1780280969.1346498,1780280969.1360826,1.433,1780280969.1363568,0.2741813659667969,137339096316,137339.096316,1780280969.1346498,1.7070770263671875,0.00476837158203125,1.4529228210449219,1.433,3145728,2.1952044661549195,192,chatcmpl-a4b2d9a6-5d2a-4664-9edd-d15b43ab4508-836a4e86,"nixl_xfer_handle(0x556359980ce0, released=False)",decode,1,0,452712,2,d61968e8-e4aa-43a2-8ca8-85b623ffd1e5_dp0,0,nixl_start_time
1780280969.2318027,1780280969.2560856,24.282999999999998,1780280969.2561128,0.027179718017578125,137339193469,137339.193469,1780280969.2318027,24.31011199951172,0.0050067901611328125,4.85992431640625,4.826,40894464,1.6840779145904543,2496,chatcmpl-7c6d09ca-8c39-449b-94df-ead347c0ae13-a50c276a,"nixl_xfer_handle(0x5af9a38b5da0, released=False)",decode,0,0,452715,26,d61968e8-e4aa-43a2-8ca8-85b623ffd1e5_dp1,0,nixl_start_time
1780280969.2681336,1780280969.2695837,1.45,1780280969.2698464,0.2627372741699219,137339229800,137339.2298,1780280969.2681336,1.712799072265625,0.0040531158447265625,1.4691352844238281,1.45,3145728,2.169467586206897,192,chatcmpl-e46a4d0f-699b-41a6-9382-79946db5c8f7-8bc90287,"nixl_xfer_handle(0x556359980ce0, released=False)",decode,1,0,452712,2,d61968e8-e4aa-43a2-8ca8-85b623ffd1e5_dp0,0,nixl_start_time
1780280969.3528128,1780280969.3771048,24.292,1780280969.3771589,0.05412101745605469,137339314479,137339.314479,1780280969.3528128,24.346113204956055,0.0057220458984375,9.451627731323242,9.429,56623104,2.3309362753169767,3456,chatcmpl-653f2e06-2a49-413e-800a-6ab7cb9bb428-bb49b0ad,"nixl_xfer_handle(0x556359980ce0, released=False)",decode,1,0,452712,36,d61968e8-e4aa-43a2-8ca8-85b623ffd1e5_dp1,0,nixl_start_time
1780280969.4253237,1780280969.4313037,5.98,1780280969.4315827,0.2789497375488281,137339386990,137339.38699,1780280969.4253237,6.258964538574219,0.006198883056640625,6.006717681884766,5.98,14155776,2.367186622073578,864,chatcmpl-d78654c6-21c3-4309-8ce2-b81e1d5b867b-afcfaa42,"nixl_xfer_handle(0x556359980ce0, released=False)",decode,1,0,452712,9,d61968e8-e4aa-43a2-8ca8-85b623ffd1e5_dp1,0,nixl_start_time
1780280969.4255435,1780280969.4562316,30.688,1780280969.4562643,0.03266334533691406,137339387210,137339.38721,1780280969.4255435,30.72071075439453,0.0057220458984375,5.004644393920898,4.971,53477376,1.7426152241918667,3264,chatcmpl-db5ed54d-12c4-42af-b231-55f89da9054b-abcc6ba6,"nixl_xfer_handle(0x5af9a3d927e0, released=False)",decode,0,0,452715,34,d61968e8-e4aa-43a2-8ca8-85b623ffd1e5_dp0,0,nixl_start_time
1780280969.4496477,1780280969.4618046,12.157,1780280969.4618514,0.04673004150390625,137339411314,137339.411314,1780280969.4496477,12.203693389892578,0.004291534423828125,4.643440246582031,4.624,17301504,1.423172164185243,1056,chatcmpl-db20de82-ac72-4001-83bf-dd4bdd4036cb-9fc0328a,"nixl_xfer_handle(0x556359980ce0, released=False)",decode,1,0,452712,11,d61968e8-e4aa-43a2-8ca8-85b623ffd1e5_dp0,0,nixl_start_time
1780280969.4496837,1780280969.4558556,6.172000000000001,1780280969.456287,0.43129920959472656,137339411350,137339.41135,1780280969.4496837,6.603240966796875,0.0045299530029296875,6.192684173583984,6.172,9437184,1.5290317563188593,576,chatcmpl-4d877db0-5c81-4f0b-9977-85972ef08983-aab51229,"nixl_xfer_handle(0x5af9a3dc06e0, released=False)",decode,0,0,452715,6,d61968e8-e4aa-43a2-8ca8-85b623ffd1e5_dp0,0,nixl_start_time
1780280969.4862747,1780280969.5105708,24.296000000000003,1780280969.5106053,0.03457069396972656,137339447941,137339.447941,1780280969.4862747,24.330615997314453,0.005245208740234375,4.831790924072266,4.798,47185920,1.9421270991109645,2880,chatcmpl-be06f578-b996-4035-ac0d-f195aa7afc0d-ada8b574,"nixl_xfer_handle(0x5af9a3d927e0, released=False)",decode,0,0,452715,30,d61968e8-e4aa-43a2-8ca8-85b623ffd1e5_dp0,0,nixl_start_time
1780280969.4980786,1780280969.5106347,12.556,1780280969.5106435,0.008821487426757812,137339459745,137339.459745,1780280969.4980786,12.564897537231445,0.0040531158447265625,1.6751289367675781,1.648,3145728,0.2505358394393119,192,chatcmpl-ffe299fb-cdb2-4788-bbb5-d848cd593c64-8add88a2,"nixl_xfer_handle(0x5af9a3e01ee0, released=False)",decode,0,0,452715,2,d61968e8-e4aa-43a2-8ca8-85b623ffd1e5_dp1,0,nixl_start_time
1780280969.5103996,1780280969.5220857,11.686,1780280969.5221076,0.02193450927734375,137339472066,137339.472066,1780280969.5103996,11.70802116394043,0.005245208740234375,5.309343338012695,5.289,18874368,1.615126476125278,1152,chatcmpl-6bad5f98-daed-4fc3-9917-d7b7c096f940-aff9d115,"nixl_xfer_handle(0x556359980ce0, released=False)",decode,1,0,452712,12,d61968e8-e4aa-43a2-8ca8-85b623ffd1e5_dp0,0,nixl_start_time
1780280969.5345547,1780280969.5384398,3.885,1780280969.5384805,0.04076957702636719,137339496221,137339.496221,1780280969.5345547,3.925800323486328,0.004291534423828125,3.5161972045898438,3.496,4718592,1.2145667953667953,288,chatcmpl-334807e7-f2a2-4af1-a1be-c2f5fd2d2bee-a1ee4d66,"nixl_xfer_handle(0x5af97a2b7920, released=False)",decode,0,0,452715,3,d61968e8-e4aa-43a2-8ca8-85b623ffd1e5_dp1,0,nixl_start_time
1780280969.5706596,1780280969.5776536,6.994,1780280969.5779462,0.2925395965576172,137339532326,137339.532326,1780280969.5706596,7.286548614501953,0.0045299530029296875,7.022619247436523,6.994,15728640,2.248876179582499,960,chatcmpl-27997201-bcfb-4fd2-95ec-2c070b1347ca-8f2e5bd6,"nixl_xfer_handle(0x556359980ce0, released=False)",decode,1,0,452712,10,d61968e8-e4aa-43a2-8ca8-85b623ffd1e5_dp0,0,nixl_start_time
1780280969.6064837,1780280969.6100688,3.585,1780280969.6103523,0.2834796905517578,137339568150,137339.56815,1780280969.6064837,3.868579864501953,0.0050067901611328125,3.6079883575439453,3.585,7864320,2.193673640167364,480,chatcmpl-06814fd2-43a2-4b1b-a798-b8a6f11bf30d-a287933f,"nixl_xfer_handle(0x556359980ce0, released=False)",decode,1,0,452712,5,d61968e8-e4aa-43a2-8ca8-85b623ffd1e5_dp0,0,nixl_start_time
1780280969.6184785,1780280969.6213305,2.852,1780280969.621356,0.025510787963867188,137339580145,137339.580145,1780280969.6184785,2.877473831176758,0.003814697265625,2.494335174560547,2.476,3145728,1.102990182328191,192,chatcmpl-6d555d2c-2393-4c46-9ba9-3fdfd081e96c-9aaba9f5,"nixl_xfer_handle(0x5af97a2b7920, released=False)",decode,0,0,452715,2,d61968e8-e4aa-43a2-8ca8-85b623ffd1e5_dp1,0,nixl_start_time
1780280969.6787946,1780280969.6816487,2.854,1780280969.6819005,0.25177001953125,137339640461,137339.640461,1780280969.6787946,3.1058788299560547,0.003814697265625,2.872943878173828,2.854,6291456,2.204434477925718,384,chatcmpl-a15e112c-ac60-44fe-be6d-8f6b5d22be53-b63641c2,"nixl_xfer_handle(0x556359980ce0, released=False)",decode,1,0,452712,4,d61968e8-e4aa-43a2-8ca8-85b623ffd1e5_dp0,0,nixl_start_time
1780280969.7267437,1780280969.7385876,11.844000000000001,1780280969.738627,0.03933906555175781,137339688410,137339.68841,1780280969.7267437,11.883258819580078,0.0057220458984375,7.012844085693359,6.993,25165824,2.124774062816616,1536,chatcmpl-7f924a64-d28a-4b24-a2e9-d731944cc459-aa935ca4,"nixl_xfer_handle(0x556359980ce0, released=False)",decode,1,0,452712,16,d61968e8-e4aa-43a2-8ca8-85b623ffd1e5_dp1,0,nixl_start_time
1780280969.7989166,1780280969.8107386,11.822,1780280969.8107572,0.018596649169921875,137339760583,137339.760583,1780280969.7989166,11.840581893920898,0.0054836273193359375,4.60362434387207,4.569,36175872,3.060046692607004,2208,chatcmpl-c65a9486-4526-42dd-81d0-8ddeadc1030a-83a9b731,"nixl_xfer_handle(0x5af97a2b7920, released=False)",decode,0,0,452715,23,d61968e8-e4aa-43a2-8ca8-85b623ffd1e5_dp0,0,nixl_start_time
1780280969.9435287,1780280969.9551947,11.665999999999999,1780280969.9552224,0.02765655517578125,137339905195,137339.905195,1780280969.9435287,11.693716049194336,0.0050067901611328125,3.2880306243896484,3.253,17301504,1.4830708040459457,1056,chatcmpl-3f176e04-8186-417e-86c8-0cc874871eac-9772a5c0,"nixl_xfer_handle(0x5af9a38b9520, released=False)",decode,0,0,452715,11,d61968e8-e4aa-43a2-8ca8-85b623ffd1e5_dp1,0,nixl_start_time
1780280970.0759037,1780280970.0781918,2.2880000000000003,1780280970.0785897,0.3979206085205078,137340037570,137340.03757,1780280970.0759037,2.686023712158203,0.0040531158447265625,2.3076534271240234,2.288,3145728,1.3748811188811187,192,chatcmpl-27989f90-4730-4437-8812-07920a30e9c4-a2253932,"nixl_xfer_handle(0x5af9a38b9520, released=False)",decode,0,0,452715,2,d61968e8-e4aa-43a2-8ca8-85b623ffd1e5_dp0,0,nixl_start_time
1780280970.0883186,1780280970.1008306,12.512,1780280970.10088,0.04935264587402344,137340049985,137340.049985,1780280970.0883186,12.561321258544922,0.0050067901611328125,6.253242492675781,6.234,20447232,1.6342097186700766,1248,chatcmpl-7b9db078-0e07-4b85-913c-e90cf74c61ed-bbf132d5,"nixl_xfer_handle(0x556359980ce0, released=False)",decode,1,0,452712,13,d61968e8-e4aa-43a2-8ca8-85b623ffd1e5_dp1,0,nixl_start_time
1780280970.1124387,1780280970.1130567,0.618,1780280970.1134722,0.41556358337402344,137340074105,137340.074105,1780280970.1124387,1.0335445404052734,0.0035762786865234375,0.637054443359375,0.618,1572864,2.545087378640777,48,chatcmpl-e7790a6d-d450-4520-8b10-9280a2e688a7-8ee88e32,"nixl_xfer_handle(0x5af9a38b9520, released=False)",decode,0,0,452715,1,d61968e8-e4aa-43a2-8ca8-85b623ffd1e5_dp0,0,nixl_start_time
1780280970.1724567,1780280970.1968527,24.396,1780280970.1968732,0.020503997802734375,137340134123,137340.134123,1780280970.1724567,24.416446685791016,0.0057220458984375,9.789466857910156,9.767,50331648,2.063110673880964,3072,chatcmpl-b4839d5e-2c7a-498f-81d2-1bf7d90545ae-8e8fe93f,"nixl_xfer_handle(0x556359980ce0, released=False)",decode,1,0,452712,32,d61968e8-e4aa-43a2-8ca8-85b623ffd1e5_dp1,0,nixl_start_time
1780280970.2205837,1780280970.2327077,12.123999999999999,1780280970.2327302,0.022411346435546875,137340182250,137340.18225,1780280970.2205837,12.146472930908203,0.005245208740234375,3.5355091094970703,3.513,18874368,1.5567773012207193,1152,chatcmpl-c705233a-365f-4bdd-bb5e-eaf6c200a53c-bc81c9a8,"nixl_xfer_handle(0x556359980ce0, released=False)",decode,1,0,452712,12,d61968e8-e4aa-43a2-8ca8-85b623ffd1e5_dp0,0,nixl_start_time
1780280970.3886776,1780280970.4125926,23.915,1780280970.4126248,0.03218650817871094,137340350344,137340.350344,1780280970.3886776,23.94723892211914,0.00476837158203125,5.388736724853516,5.355,53477376,2.2361436755174577,3264,chatcmpl-0420158e-e9ad-44d3-8a03-0ac7f615e782-a2029f1d,"nixl_xfer_handle(0x5af9a38b9520, released=False)",decode,0,0,452715,34,d61968e8-e4aa-43a2-8ca8-85b623ffd1e5_dp1,0,nixl_start_time
1780280970.5560427,1780280970.5581546,2.112,1780280970.5584335,0.2789497375488281,137340517709,137340.517709,1780280970.5560427,2.3908615112304688,0.0050067901611328125,2.132892608642578,2.112,4718592,2.234181818181818,288,chatcmpl-4971e03a-af09-473d-9ca0-8369ada5be96-ac72d04c,"nixl_xfer_handle(0x556359980ce0, released=False)",decode,1,0,452712,3,d61968e8-e4aa-43a2-8ca8-85b623ffd1e5_dp0,0,nixl_start_time
1780280970.5930746,1780280970.6169186,23.844,1780280970.616959,0.040531158447265625,137340554741,137340.554741,1780280970.5930746,23.88453483581543,0.0059604644775390625,4.886627197265625,4.852,47185920,1.978943130347257,2880,chatcmpl-fb730c24-2761-4f4a-b3ff-db8df04f8fc2-9286b7d4,"nixl_xfer_handle(0x5af9a38b9520, released=False)",decode,0,0,452715,30,d61968e8-e4aa-43a2-8ca8-85b623ffd1e5_dp1,0,nixl_start_time
1780280970.6047637,1780280970.6169899,12.226,1780280970.6170218,0.031948089599609375,137340566430,137340.56643,1780280970.6047637,12.258052825927734,0.0040531158447265625,1.745462417602539,1.725,3145728,0.2572982169147718,192,chatcmpl-50f743f8-224e-4f7a-929d-bf0febc7f673-87258558,"nixl_xfer_handle(0x5af9a3dc06a0, released=False)",decode,0,0,452715,2,d61968e8-e4aa-43a2-8ca8-85b623ffd1e5_dp0,0,nixl_start_time
1780280970.6047637,1780280970.6168017,12.038,1780280970.6168218,0.02002716064453125,137340566430,137340.56643,1780280970.6047637,12.058019638061523,0.00476837158203125,3.3402442932128906,3.322,17301504,1.4372407376640637,1056,chatcmpl-33ba292b-0e75-41e3-a016-a69bfd7833c5-84485db0,"nixl_xfer_handle(0x556359980ce0, released=False)",decode,1,0,452712,11,d61968e8-e4aa-43a2-8ca8-85b623ffd1e5_dp0,0,nixl_start_time
1780280970.6888957,1780280970.7132058,24.31,1780280970.7132397,0.033855438232421875,137340650562,137340.650562,1780280970.6888957,24.34396743774414,0.0059604644775390625,9.812116622924805,9.789,64487424,2.652711805841218,3936,chatcmpl-9e486e2b-cd43-4542-95ff-57a2c7ad3aeb-99548525,"nixl_xfer_handle(0x556359980ce0, released=False)",decode,1,0,452712,41,d61968e8-e4aa-43a2-8ca8-85b623ffd1e5_dp1,0,nixl_start_time
1780280970.7615736,1780280970.7854536,23.88,1780280970.7854786,0.025033950805664062,137340723240,137340.72324,1780280970.7615736,23.905038833618164,0.0054836273193359375,5.153179168701172,5.119,51904512,2.1735557788944724,3168,chatcmpl-7c09da55-b76d-4cd1-a239-36e9d67884d8-a95219f5,"nixl_xfer_handle(0x5af9a3dc06a0, released=False)",decode,0,0,452715,33,d61968e8-e4aa-43a2-8ca8-85b623ffd1e5_dp1,0,nixl_start_time
1780280970.7852826,1780280970.7972915,12.009,1780280970.7973099,0.018358230590820312,137340746949,137340.746949,1780280970.7852826,12.027263641357422,0.005245208740234375,4.079580307006836,4.051,20447232,1.7026590057456905,1248,chatcmpl-3cf3dcbb-a612-4bc7-8c87-5b1225d777cf-bdd4cd51,"nixl_xfer_handle(0x556359980ce0, released=False)",decode,1,0,452712,13,d61968e8-e4aa-43a2-8ca8-85b623ffd1e5_dp1,0,nixl_start_time
1780280970.8584497,1780280970.8910747,32.625,1780280970.8911273,0.05269050598144531,137340820116,137340.820116,1780280970.8584497,32.677650451660156,0.006198883056640625,14.01519775390625,13.978,77070336,2.362309149425287,4704,chatcmpl-03d122cf-71a2-41d3-a073-aa18ba6671db-bfd95a4b,"nixl_xfer_handle(0x5af9a3dc06a0, released=False)",decode,0,0,452715,49,d61968e8-e4aa-43a2-8ca8-85b623ffd1e5_dp0,0,nixl_start_time
1780280970.8874037,1780280970.8888288,1.425,1780280970.8906085,1.779794692993164,137340849070,137340.84907,1780280970.8874037,3.204822540283203,0.00476837158203125,1.4452934265136719,1.425,3145728,2.2075284210526314,192,chatcmpl-420354f5-3e9b-4563-b5cf-d551aa09e479-becbe297,"nixl_xfer_handle(0x556359980ce0, released=False)",decode,1,0,452712,2,d61968e8-e4aa-43a2-8ca8-85b623ffd1e5_dp1,0,nixl_start_time
1780280970.8874187,1780280970.8907197,3.301,1780280970.891155,0.4353523254394531,137340849085,137340.849085,1780280970.8874187,3.736257553100586,0.004291534423828125,3.320455551147461,3.301,6291456,1.905924265374129,384,chatcmpl-c8d16a01-94fe-4278-97b9-bf944b306380-baf9c2d7,"nixl_xfer_handle(0x5af9a3d98ea0, released=False)",decode,0,0,452715,4,d61968e8-e4aa-43a2-8ca8-85b623ffd1e5_dp1,0,nixl_start_time
1780280970.8889117,1780280970.8903568,1.445,1780280970.8906243,0.2675056457519531,137340850578,137340.850578,1780280970.8889117,1.7125606536865234,0.00286102294921875,1.4562606811523438,1.445,3145728,2.176974394463668,192,chatcmpl-ec7f2a16-9504-4101-aa2b-03c26e39eade-b7dbdf2d,"nixl_xfer_handle(0x5563599aa860, released=False)",decode,1,0,452712,2,d61968e8-e4aa-43a2-8ca8-85b623ffd1e5_dp0,0,nixl_start_time
1780280970.9122705,1780280970.9238906,11.620000000000001,1780280970.9239287,0.03814697265625,137340873937,137340.873937,1780280970.9122705,11.658191680908203,0.005245208740234375,4.0378570556640625,4.015,29884416,2.571808605851979,1824,chatcmpl-d19cfc43-e4b6-48f2-9531-d36b0b47337f-ba2ab0fa,"nixl_xfer_handle(0x5af9a3dc06a0, released=False)",decode,0,0,452715,19,d61968e8-e4aa-43a2-8ca8-85b623ffd1e5_dp0,0,nixl_start_time
1780280970.9358397,1780280970.9372938,1.454,1780280970.9375641,0.2703666687011719,137340897506,137340.897506,1780280970.9358397,1.7244815826416016,0.0035762786865234375,1.4753341674804688,1.454,3145728,2.1634993122420907,192,chatcmpl-1735c647-9f77-4c0f-a384-a49dfc9f15e6-a6007899,"nixl_xfer_handle(0x5563599aa860, released=False)",decode,1,0,452712,2,d61968e8-e4aa-43a2-8ca8-85b623ffd1e5_dp1,0,nixl_start_time
1780280971.0331087,1780280971.0675776,34.469,1780280971.0675912,0.013589859008789062,137340994775,137340.994775,1780280971.0331087,34.482479095458984,0.0057220458984375,15.93160629272461,15.888,70778880,2.0534068293249006,4320,chatcmpl-f2902ca0-9b73-445d-bf00-678872825ef6-a17e895a,"nixl_xfer_handle(0x5af9a3dc06a0, released=False)",decode,0,0,452715,45,d61968e8-e4aa-43a2-8ca8-85b623ffd1e5_dp0,0,nixl_start_time
1780280971.0525777,1780280971.0539887,1.411,1780280971.0542498,0.26106834411621094,137341014244,137341.014244,1780280971.0525777,1.6720294952392578,0.004291534423828125,1.4312267303466797,1.411,3145728,2.2294316087880937,192,chatcmpl-97c61bc9-be3e-4c9d-acb4-2b763064dc3a-8001a8e3,"nixl_xfer_handle(0x5563599aa860, released=False)",decode,1,0,452712,2,d61968e8-e4aa-43a2-8ca8-85b623ffd1e5_dp1,0,nixl_start_time
1780280971.0635316,1780280971.0649037,1.3719999999999999,1780280971.0651608,0.2570152282714844,137341025198,137341.025198,1780280971.0635316,1.6291141510009766,0.0045299530029296875,1.3921260833740234,1.372,3145728,2.292804664723032,192,chatcmpl-3d0c78e9-74fd-463b-a55a-7eb5d1d47ff1-999e1ae0,"nixl_xfer_handle(0x5563599aa860, released=False)",decode,1,0,452712,2,d61968e8-e4aa-43a2-8ca8-85b623ffd1e5_dp0,0,nixl_start_time
1780280971.0636277,1780280971.0760107,12.383,1780280971.0760572,0.04649162292480469,137341025294,137341.025294,1780280971.0636277,12.429475784301758,0.0054836273193359375,3.539562225341797,3.52,22020096,1.7782521198417185,1344,chatcmpl-830d63e4-648e-4684-b7ae-bcf500ecda32-97cb68fa,"nixl_xfer_handle(0x5af9a3e67420, released=False)",decode,0,0,452715,14,d61968e8-e4aa-43a2-8ca8-85b623ffd1e5_dp0,0,nixl_start_time
1780280971.2696166,1780280971.2710526,1.436,1780280971.2713134,0.2608299255371094,137341231283,137341.231283,1780280971.2696166,1.6968250274658203,0.0045299530029296875,1.4569759368896484,1.436,3145728,2.190618384401114,192,chatcmpl-12f524e1-561d-4ba8-ab2e-3266bd9e1223-ad57110e,"nixl_xfer_handle(0x5563599aa860, released=False)",decode,1,0,452712,2,d61968e8-e4aa-43a2-8ca8-85b623ffd1e5_dp0,0,nixl_start_time
1780280971.2934105,1780280971.2955625,2.1519999999999997,1780280971.2958372,0.274658203125,137341255077,137341.255077,1780280971.2934105,2.426624298095703,0.0040531158447265625,2.174854278564453,2.152,4718592,2.192654275092937,288,chatcmpl-f5659b94-177a-4106-8072-5e0585756068-ae6577bb,"nixl_xfer_handle(0x5563599aa860, released=False)",decode,1,0,452712,3,d61968e8-e4aa-43a2-8ca8-85b623ffd1e5_dp1,0,nixl_start_time
1780280971.5120018,1780280971.5555458,43.544,1780280971.5555933,0.04744529724121094,137341473668,137341.473668,1780280971.5120018,43.59149932861328,0.0050067901611328125,21.710872650146484,21.675,92798976,2.131154142935881,5664,chatcmpl-6a54f910-171d-4d5e-8e5f-713d6afbe4c6-aa2498d1,"nixl_xfer_handle(0x5af9a3dc06a0, released=False)",decode,0,0,452715,59,d61968e8-e4aa-43a2-8ca8-85b623ffd1e5_dp0,0,nixl_start_time
1780280971.5373065,1780280971.5387754,1.469,1780280971.5390298,0.2543926239013672,137341498973,137341.498973,1780280971.5373065,1.7232894897460938,0.00476837158203125,1.4886856079101562,1.469,3145728,2.141407760381212,192,chatcmpl-a7e364dc-9caf-4b48-8b9a-5ced9a2b313e-8a4d45ef,"nixl_xfer_handle(0x5563599aa860, released=False)",decode,1,0,452712,2,d61968e8-e4aa-43a2-8ca8-85b623ffd1e5_dp1,0,nixl_start_time
1780280971.5480037,1780280971.5550807,7.077,1780280971.5556219,0.5412101745605469,137341509670,137341.50967,1780280971.5480037,7.618188858032227,0.004291534423828125,7.124900817871094,7.077,14155776,2.0002509537939805,864,chatcmpl-c3762b19-5309-448f-b0c6-8b3189f15d09-b5c3e327,"nixl_xfer_handle(0x5af9a38b9520, released=False)",decode,0,0,452715,9,d61968e8-e4aa-43a2-8ca8-85b623ffd1e5_dp0,0,nixl_start_time
1780280971.6206527,1780280971.6332057,12.552999999999999,1780280971.63324,0.034332275390625,137341582319,137341.582319,1780280971.6206527,12.587308883666992,0.0045299530029296875,9.072303771972656,9.05,33030144,2.6312549988050664,2016,chatcmpl-7611d797-3547-433e-9f4e-16a38c7a6e65-b83dbd3b,"nixl_xfer_handle(0x5563599aa860, released=False)",decode,1,0,452712,21,d61968e8-e4aa-43a2-8ca8-85b623ffd1e5_dp1,0,nixl_start_time
1780280971.6570427,1780280971.6576557,0.6130000000000001,1780280971.658011,0.3552436828613281,137341618709,137341.618709,1780280971.6570427,0.9682178497314453,0.005245208740234375,0.6363391876220703,0.613,1572864,2.5658466557911908,48,chatcmpl-6b6c68bc-5b63-4cbb-b000-3fd16c63697d-b7225220,"nixl_xfer_handle(0x5af9a38b9520, released=False)",decode,0,0,452715,1,d61968e8-e4aa-43a2-8ca8-85b623ffd1e5_dp0,0,nixl_start_time
1780280971.7412345,1780280971.7521055,10.871,1780280971.7521217,0.01621246337890625,137341702901,137341.702901,1780280971.7412345,10.88714599609375,0.003814697265625,5.8135986328125,5.789,7864320,0.723421948302824,480,chatcmpl-1bf7c1ee-1b1c-4564-935e-0c4fe47c78c2-a97d4182,"nixl_xfer_handle(0x5af9a38b9520, released=False)",decode,0,0,452715,5,d61968e8-e4aa-43a2-8ca8-85b623ffd1e5_dp1,0,nixl_start_time
1780280971.7472947,1780280971.7672386,19.944,1780280971.7672782,0.039577484130859375,137341708961,137341.708961,1780280971.7472947,19.983530044555664,0.0030994415283203125,4.426240921020508,4.41,45613056,2.2870565583634175,2784,chatcmpl-0bda4166-8525-4b5c-8845-886b91b61f96-bca44ea3,"nixl_xfer_handle(0x5af9a3dc06a0, released=False)",decode,0,0,452715,29,d61968e8-e4aa-43a2-8ca8-85b623ffd1e5_dp0,0,nixl_start_time
1780280971.7789516,1780280971.7824225,3.471,1780280971.7826958,0.2732276916503906,137341740618,137341.740618,1780280971.7789516,3.7441253662109375,0.00476837158203125,3.496408462524414,3.471,7864320,2.2657216940363005,480,chatcmpl-ce9d2287-5f9b-4856-a123-1fbdbd8ef8f9-ad07e4db,"nixl_xfer_handle(0x5563599aa860, released=False)",decode,1,0,452712,5,d61968e8-e4aa-43a2-8ca8-85b623ffd1e5_dp0,0,nixl_start_time
1780280971.7908328,1780280971.7922947,1.462,1780280971.7925618,0.26702880859375,137341752499,137341.752499,1780280971.7908328,1.7290115356445312,0.0054836273193359375,1.4832019805908203,1.462,3145728,2.1516607387140905,192,chatcmpl-fab575cd-80e4-4c88-aee7-dc7a263e35f0-9f868ff0,"nixl_xfer_handle(0x5563599aa860, released=False)",decode,1,0,452712,2,d61968e8-e4aa-43a2-8ca8-85b623ffd1e5_dp0,0,nixl_start_time
1780280971.8150988,1780280971.8393748,24.276,1780280971.8393955,0.020742416381835938,137341776765,137341.776765,1780280971.8150988,24.29676055908203,0.0057220458984375,6.662130355834961,6.642,37748736,1.5549817103311914,2304,chatcmpl-1650fdcf-2615-43c2-9c3d-f343318f7bc6-99424860,"nixl_xfer_handle(0x5563599aa860, released=False)",decode,1,0,452712,24,d61968e8-e4aa-43a2-8ca8-85b623ffd1e5_dp1,0,nixl_start_time
1780280971.8271687,1780280971.8298926,2.7239999999999998,1780280971.8299048,0.012159347534179688,137341788835,137341.788835,1780280971.8271687,2.7360916137695312,0.005245208740234375,2.3097991943359375,2.289,3145728,1.154819383259912,192,chatcmpl-0defa277-7734-4206-88c1-84067b66e669-921c83e7,"nixl_xfer_handle(0x5af97a2b4f60, released=False)",decode,0,0,452715,2,d61968e8-e4aa-43a2-8ca8-85b623ffd1e5_dp0,0,nixl_start_time
1780280971.8516066,1780280971.8530767,1.47,1780280971.8533313,0.25463104248046875,137341813273,137341.813273,1780280971.8516066,1.7247200012207031,0.004291534423828125,1.4891624450683594,1.47,3145728,2.139951020408163,192,chatcmpl-3a2e0755-008c-42a0-a62d-e3fc15e754f2-97d6f5c9,"nixl_xfer_handle(0x5563599aa860, released=False)",decode,1,0,452712,2,d61968e8-e4aa-43a2-8ca8-85b623ffd1e5_dp1,0,nixl_start_time
1780280971.8637977,1780280971.8759346,12.137,1780280971.87596,0.025510787963867188,137341825464,137341.825464,1780280971.8637977,12.162446975708008,0.0050067901611328125,5.497455596923828,5.473,7864320,0.6479624289363104,480,chatcmpl-9b8ce220-3974-43ea-9948-35acfc3a597b-a314a4f5,"nixl_xfer_handle(0x5af97a2b4f60, released=False)",decode,0,0,452715,5,d61968e8-e4aa-43a2-8ca8-85b623ffd1e5_dp0,0,nixl_start_time
1780280971.8756356,1780280971.8760567,0.421,1780280971.8763227,0.26607513427734375,137341837302,137341.837302,1780280971.8756356,0.6871223449707031,0.00476837158203125,0.4429817199707031,0.421,1572864,3.736019002375297,48,chatcmpl-2e087d90-b6ce-4d2c-867b-07ee93365631-acc0af40,"nixl_xfer_handle(0x5563599aa860, released=False)",decode,1,0,452712,1,d61968e8-e4aa-43a2-8ca8-85b623ffd1e5_dp1,0,nixl_start_time
1780280972.0928597,1780280972.0957437,2.884,1780280972.095759,0.0152587890625,137342054526,137342.054526,1780280972.0928597,2.899169921875,0.005245208740234375,2.3610591888427734,2.337,3145728,1.09075173370319,192,chatcmpl-12dc0825-f5bc-47c5-85f0-8182fc9630c4-b00d8b65,"nixl_xfer_handle(0x5af97a2b4f60, released=False)",decode,0,0,452715,2,d61968e8-e4aa-43a2-8ca8-85b623ffd1e5_dp0,0,nixl_start_time
1780280972.1895437,1780280972.1910298,1.486,1780280972.1912894,0.25963783264160156,137342151210,137342.15121,1780280972.1895437,1.7457008361816406,0.005245208740234375,1.5056133270263672,1.486,3145728,2.1169098250336473,192,chatcmpl-292f974b-5c59-421c-912d-81fbb8c90f63-985e4f5a,"nixl_xfer_handle(0x5563599aa860, released=False)",decode,1,0,452712,2,d61968e8-e4aa-43a2-8ca8-85b623ffd1e5_dp1,0,nixl_start_time
1780280972.2983227,1780280972.3224566,24.134,1780280972.3224936,0.03695487976074219,137342259989,137342.259989,1780280972.2983227,24.170875549316406,0.0045299530029296875,5.2280426025390625,5.208,56623104,2.3461964034142704,3456,chatcmpl-9358d313-ca59-4438-bf74-4b1659fb05d3-80a219ac,"nixl_xfer_handle(0x5af97a2b4f60, released=False)",decode,0,0,452715,36,d61968e8-e4aa-43a2-8ca8-85b623ffd1e5_dp0,0,nixl_start_time
1780280972.3222866,1780280972.3264296,4.143,1780280972.3267045,0.27489662170410156,137342283953,137342.283953,1780280972.3222866,4.417896270751953,0.00476837158203125,4.166364669799805,4.143,9437184,2.277862418537292,576,chatcmpl-403f5e67-a538-472e-8f97-ee8ae41b70c3-8278accd,"nixl_xfer_handle(0x5563599aa860, released=False)",decode,1,0,452712,6,d61968e8-e4aa-43a2-8ca8-85b623ffd1e5_dp0,0,nixl_start_time
1780280972.3707898,1780280972.3737738,2.984,1780280972.3737884,0.014543533325195312,137342332456,137342.332456,1780280972.3707898,2.9985904693603516,0.0040531158447265625,2.4368762969970703,2.413,3145728,1.0541983914209114,192,chatcmpl-f62b6923-d884-4c1e-8565-f9370feb2525-83354930,"nixl_xfer_handle(0x5af97a2b4f60, released=False)",decode,0,0,452715,2,d61968e8-e4aa-43a2-8ca8-85b623ffd1e5_dp1,0,nixl_start_time
1780280972.4441366,1780280972.4555116,11.375,1780280972.4555302,0.018596649169921875,137342405803,137342.405803,1780280972.4441366,11.393547058105469,0.004291534423828125,3.715038299560547,3.694,23592960,2.074106373626374,1440,chatcmpl-44e7d961-36c9-468d-b247-2c6431e48400-82d792ad,"nixl_xfer_handle(0x5563599aa860, released=False)",decode,1,0,452712,15,d61968e8-e4aa-43a2-8ca8-85b623ffd1e5_dp0,0,nixl_start_time
1780280972.4672477,1780280972.4691138,1.866,1780280972.4694686,0.354766845703125,137342428914,137342.428914,1780280972.4672477,2.2208690643310547,0.00476837158203125,1.8854141235351562,1.866,3145728,1.685813504823151,192,chatcmpl-f370b486-1a01-46b4-ae81-3e95471e20c6-a8b29cdc,"nixl_xfer_handle(0x5af97a2b4f60, released=False)",decode,0,0,452715,2,d61968e8-e4aa-43a2-8ca8-85b623ffd1e5_dp1,0,nixl_start_time
1780280972.5635676,1780280972.5922205,28.653000000000002,1780280972.5922368,0.01621246337890625,137342525234,137342.525234,1780280972.5635676,28.669118881225586,0.00667572021484375,12.141704559326172,12.119,66060288,2.3055277981363207,4032,chatcmpl-c9e9fed6-82fc-472d-a7e5-3069b0199a0b-ad3049ca,"nixl_xfer_handle(0x5563599aa860, released=False)",decode,1,0,452712,42,d61968e8-e4aa-43a2-8ca8-85b623ffd1e5_dp1,0,nixl_start_time
1780280972.5793025,1780280972.5799415,0.639,1780280972.5802956,0.3540515899658203,137342540969,137342.540969,1780280972.5793025,0.9930133819580078,0.0040531158447265625,0.6587505340576172,0.639,1572864,2.4614460093896713,48,chatcmpl-16153569-3d0d-4cab-8cea-53044a41b365-a2c67223,"nixl_xfer_handle(0x5af97a2b4f60, released=False)",decode,0,0,452715,1,d61968e8-e4aa-43a2-8ca8-85b623ffd1e5_dp0,0,nixl_start_time
1780280972.5904768,1780280972.5919588,1.482,1780280972.5922568,0.2980232238769531,137342552143,137342.552143,1780280972.5904768,1.7800331115722656,0.004291534423828125,1.50299072265625,1.482,3145728,2.1226234817813765,192,chatcmpl-c128481e-6163-4f6e-91ff-b2c14f895c78-b20d018f,"nixl_xfer_handle(0x556359980ce0, released=False)",decode,1,0,452712,2,d61968e8-e4aa-43a2-8ca8-85b623ffd1e5_dp0,0,nixl_start_time
1780280972.6146407,1780280972.6268587,12.218,1780280972.6268878,0.029087066650390625,137342576307,137342.576307,1780280972.6146407,12.247085571289062,0.0045299530029296875,3.720521926879883,3.687,23592960,1.9310001636929122,1440,chatcmpl-3fc14526-0061-407f-944e-7089ec8c82f8-8699e3fb,"nixl_xfer_handle(0x5af97a2b4f60, released=False)",decode,0,0,452715,15,d61968e8-e4aa-43a2-8ca8-85b623ffd1e5_dp1,0,nixl_start_time
1780280972.6386046,1780280972.6400537,1.449,1780280972.6403146,0.2608299255371094,137342600271,137342.600271,1780280972.6386046,1.7099380493164062,0.00476837158203125,1.4691352844238281,1.449,3145728,2.1709648033126294,192,chatcmpl-d396a176-0ff2-41bf-9d0d-f3d756884096-83cf738d,"nixl_xfer_handle(0x556359980ce0, released=False)",decode,1,0,452712,2,d61968e8-e4aa-43a2-8ca8-85b623ffd1e5_dp0,0,nixl_start_time
1780280972.7481017,1780280972.7495856,1.484,1780280972.7498426,0.2570152282714844,137342709768,137342.709768,1780280972.7481017,1.7409324645996094,0.005245208740234375,1.5039443969726562,1.484,3145728,2.1197628032345013,192,chatcmpl-35e6edee-c9f0-4e15-9358-4bef2b823655-ac79f927,"nixl_xfer_handle(0x556359980ce0, released=False)",decode,1,0,452712,2,d61968e8-e4aa-43a2-8ca8-85b623ffd1e5_dp1,0,nixl_start_time
1780280972.8209567,1780280972.8223977,1.441,1780280972.8226595,0.2617835998535156,137342782623,137342.782623,1780280972.8209567,1.7027854919433594,0.00476837158203125,1.4605522155761719,1.441,3145728,2.1830173490631504,192,chatcmpl-16eed8e5-a79b-4611-8ee2-2b31dbf5722d-bd23b474,"nixl_xfer_handle(0x556359980ce0, released=False)",decode,1,0,452712,2,d61968e8-e4aa-43a2-8ca8-85b623ffd1e5_dp0,0,nixl_start_time
1780280972.8697507,1780280972.8725848,2.834,1780280972.8728473,0.2624988555908203,137342831417,137342.831417,1780280972.8697507,3.0965805053710938,0.004291534423828125,2.8553009033203125,2.834,6291456,2.2199915314043754,384,chatcmpl-1c9862cd-a436-404e-a435-e5c8c87d7a36-8e62a7be,"nixl_xfer_handle(0x556359980ce0, released=False)",decode,1,0,452712,4,d61968e8-e4aa-43a2-8ca8-85b623ffd1e5_dp1,0,nixl_start_time
1780280972.8698246,1780280972.8727286,2.904,1780280972.8727498,0.021219253540039062,137342831491,137342.831491,1780280972.8698246,2.9251575469970703,0.003337860107421875,2.4023056030273438,2.379,3145728,1.0832396694214876,192,chatcmpl-4ec65a6d-0740-4ed9-864a-a4c7adcefe5f-9136f31f,"nixl_xfer_handle(0x5af9a4192120, released=False)",decode,0,0,452715,2,d61968e8-e4aa-43a2-8ca8-85b623ffd1e5_dp0,0,nixl_start_time
1780280972.9063256,1780280972.9186096,12.283999999999999,1780280972.9186282,0.018596649169921875,137342867992,137342.867992,1780280972.9063256,12.302637100219727,0.0054836273193359375,4.646539688110352,4.612,37748736,3.0730003256268317,2304,chatcmpl-2bba5bb6-4fea-4aae-bb06-86aee1afbaeb-9789235f,"nixl_xfer_handle(0x5af9a4192120, released=False)",decode,0,0,452715,24,d61968e8-e4aa-43a2-8ca8-85b623ffd1e5_dp0,0,nixl_start_time
1780280972.9427845,1780280972.9456515,2.867,1780280972.9459126,0.26106834411621094,137342904451,137342.904451,1780280972.9427845,3.1280517578125,0.00476837158203125,2.8879642486572266,2.867,6291456,2.1944387861876526,384,chatcmpl-2f16ca4d-eff9-4ec7-9226-a03e5f0a45c7-be2cb818,"nixl_xfer_handle(0x556359980ce0, released=False)",decode,1,0,452712,4,d61968e8-e4aa-43a2-8ca8-85b623ffd1e5_dp1,0,nixl_start_time
1780280973.0277157,1780280973.0554166,27.701,1780280973.0554507,0.03409385681152344,137342989382,137342.989382,1780280973.0277157,27.734994888305664,0.0054836273193359375,12.463569641113281,12.44,78643200,2.8390022020865673,4800,chatcmpl-ebcface1-42b5-43e3-813c-05b5b262206a-bce09798,"nixl_xfer_handle(0x556359980ce0, released=False)",decode,1,0,452712,50,d61968e8-e4aa-43a2-8ca8-85b623ffd1e5_dp0,0,nixl_start_time
1780280973.0547397,1780280973.0551558,0.416,1780280973.05547,0.3142356872558594,137343016406,137343.016406,1780280973.0547397,0.7302761077880859,0.005245208740234375,0.43320655822753906,0.416,1572864,3.7809230769230773,48,chatcmpl-f7d9844e-63e1-4d0c-82c0-051c75e22732-beac50ee,"nixl_xfer_handle(0x5563599aa860, released=False)",decode,1,0,452712,1,d61968e8-e4aa-43a2-8ca8-85b623ffd1e5_dp0,0,nixl_start_time
1780280973.1643877,1780280973.1993217,34.934,1780280973.199361,0.03933906555175781,137343126054,137343.126054,1780280973.1643877,34.9733829498291,0.00667572021484375,20.380258560180664,20.336,88080384,2.521336921051125,5376,chatcmpl-05936076-7c65-4676-a577-d9bea0431513-98479cab,"nixl_xfer_handle(0x5af9a4192120, released=False)",decode,0,0,452715,56,d61968e8-e4aa-43a2-8ca8-85b623ffd1e5_dp1,0,nixl_start_time
1780280973.1991076,1780280973.2017937,2.686,1780280973.202052,0.25844573974609375,137343160774,137343.160774,1780280973.1991076,2.944469451904297,0.0040531158447265625,2.7065277099609375,2.686,6291456,2.3423142218912885,384,chatcmpl-9ec7b4c4-7820-4c42-9a36-b3bec02acb2a-b197a047,"nixl_xfer_handle(0x5563599aa860, released=False)",decode,1,0,452712,4,d61968e8-e4aa-43a2-8ca8-85b623ffd1e5_dp0,0,nixl_start_time
1780280973.4045637,1780280973.4060316,1.468,1780280973.4062903,0.2586841583251953,137343366230,137343.36623,1780280973.4045637,1.7266273498535156,0.005245208740234375,1.4882087707519531,1.468,3145728,2.142866485013624,192,chatcmpl-5bda67ff-6a96-45ae-8eff-db2be6ff33b0-b6e0c050,"nixl_xfer_handle(0x5563599aa860, released=False)",decode,1,0,452712,2,d61968e8-e4aa-43a2-8ca8-85b623ffd1e5_dp0,0,nixl_start_time
1780280973.4411216,1780280973.4469755,5.854,1780280973.4473605,0.38504600524902344,137343402788,137343.402788,1780280973.4411216,6.2389373779296875,0.004291534423828125,5.874156951904297,5.854,7864320,1.343409634437991,480,chatcmpl-ca331cee-c7f9-46fc-b648-9e88aadb6868-989babc7,"nixl_xfer_handle(0x5af9a4192120, released=False)",decode,0,0,452715,5,d61968e8-e4aa-43a2-8ca8-85b623ffd1e5_dp1,0,nixl_start_time
1780280973.4892647,1780280973.4927788,3.5140000000000002,1780280973.493041,0.26226043701171875,137343450931,137343.450931,1780280973.4892647,3.7763118743896484,0.005245208740234375,3.5355091094970703,3.514,7864320,2.237996585088218,480,chatcmpl-ea9feb94-fbc7-47d8-b0e6-ac44434a6cd3-b7d317a9,"nixl_xfer_handle(0x5563599aa860, released=False)",decode,1,0,452712,5,d61968e8-e4aa-43a2-8ca8-85b623ffd1e5_dp0,0,nixl_start_time
1780280973.5139866,1780280973.5195765,5.590000000000001,1780280973.5198705,0.29397010803222656,137343475653,137343.475653,1780280973.5139866,5.883932113647461,0.0050067901611328125,5.612373352050781,5.59,12582912,2.250968157423971,768,chatcmpl-b175515a-50eb-4c8c-8aaf-ee8e49da5967-96339e14,"nixl_xfer_handle(0x5563599aa860, released=False)",decode,1,0,452712,8,d61968e8-e4aa-43a2-8ca8-85b623ffd1e5_dp1,0,nixl_start_time
1780280973.5261326,1780280973.5385935,12.461,1780280973.5386205,0.026941299438476562,137343487799,137343.487799,1780280973.5261326,12.48788833618164,0.0050067901611328125,3.815889358520508,3.781,25165824,2.0195669689431024,1536,chatcmpl-e94584da-4175-4f80-aa91-e0334fe57e7c-b86af0ac,"nixl_xfer_handle(0x5af9a4192120, released=False)",decode,0,0,452715,16,d61968e8-e4aa-43a2-8ca8-85b623ffd1e5_dp0,0,nixl_start_time
1780280973.5383177,1780280973.5398157,1.498,1780280973.5400782,0.2624988555908203,137343499984,137343.499984,1780280973.5383177,1.7604827880859375,0.00476837158203125,1.5208721160888672,1.498,3145728,2.099951935914553,192,chatcmpl-d2875f38-aee1-4eab-88aa-69ae4a6f4992-bedd0297,"nixl_xfer_handle(0x5563599aa860, released=False)",decode,1,0,452712,2,d61968e8-e4aa-43a2-8ca8-85b623ffd1e5_dp1,0,nixl_start_time
1780280973.6963975,1780280973.7089465,12.549,1780280973.7089663,0.019788742065429688,137343658064,137343.658064,1780280973.6963975,12.56871223449707,0.0059604644775390625,6.597757339477539,6.577,23592960,1.8800669376045902,1440,chatcmpl-3600ba8f-c36f-4eb5-a63a-a36c10a12d8c-a978c597,"nixl_xfer_handle(0x5563599aa860, released=False)",decode,1,0,452712,15,d61968e8-e4aa-43a2-8ca8-85b623ffd1e5_dp0,0,nixl_start_time
1780280973.7089067,1780280973.7171187,8.212,1780280973.717132,0.0133514404296875,137343670573,137343.670573,1780280973.7089067,8.225440979003906,0.0054836273193359375,7.849693298339844,7.828,11010048,1.3407267413541157,672,chatcmpl-fceee7fa-e890-48ef-b7e9-685d1fc2c0e4-a34910f2,"nixl_xfer_handle(0x5af9a38116c0, released=False)",decode,0,0,452715,7,d61968e8-e4aa-43a2-8ca8-85b623ffd1e5_dp1,0,nixl_start_time
1780280973.7334006,1780280973.7349045,1.504,1780280973.7351654,0.2608299255371094,137343695067,137343.695067,1780280973.7334006,1.7647743225097656,0.00476837158203125,1.5263557434082031,1.504,3145728,2.0915744680851067,192,chatcmpl-f10489f9-6659-4580-bf80-7f853db19f79-a79c3ab2,"nixl_xfer_handle(0x5563599aa860, released=False)",decode,1,0,452712,2,d61968e8-e4aa-43a2-8ca8-85b623ffd1e5_dp0,0,nixl_start_time
1780280973.7453206,1780280973.7471685,1.848,1780280973.7475524,0.3838539123535156,137343706987,137343.706987,1780280973.7453206,2.2318363189697266,0.0040531158447265625,1.8680095672607422,1.848,3145728,1.7022337662337663,192,chatcmpl-eb421faf-3fa1-40f2-9a5f-30e87c8e5ad1-a392ce24,"nixl_xfer_handle(0x5af9a38116c0, released=False)",decode,0,0,452715,2,d61968e8-e4aa-43a2-8ca8-85b623ffd1e5_dp1,0,nixl_start_time
1780280973.7577016,1780280973.7591295,1.428,1780280973.7593977,0.2682209014892578,137343719368,137343.719368,1780280973.7577016,1.6961097717285156,0.004291534423828125,1.447439193725586,1.428,3145728,2.2028907563025206,192,chatcmpl-16793e52-5993-457d-a6e7-19a2f64a9d4f-bbe783ba,"nixl_xfer_handle(0x5563599aa860, released=False)",decode,1,0,452712,2,d61968e8-e4aa-43a2-8ca8-85b623ffd1e5_dp0,0,nixl_start_time
1780280973.7700746,1780280973.7718966,1.822,1780280973.7722967,0.4000663757324219,137343731741,137343.731741,1780280973.7700746,2.2220611572265625,0.0050067901611328125,1.8420219421386719,1.822,3145728,1.7265246981339188,192,chatcmpl-ccefb51a-8f78-4baa-920b-e2ad50c00bad-82303b2d,"nixl_xfer_handle(0x5af9a38116c0, released=False)",decode,0,0,452715,2,d61968e8-e4aa-43a2-8ca8-85b623ffd1e5_dp1,0,nixl_start_time
1780280973.7945356,1780280973.8191407,24.604999999999997,1780280973.819176,0.03528594970703125,137343756202,137343.756202,1780280973.7945356,24.640321731567383,0.00476837158203125,5.148172378540039,5.128,36175872,1.4702650680755944,2208,chatcmpl-530576a8-71f2-4c9d-851b-327f135e29a9-9508cff2,"nixl_xfer_handle(0x5563599aa860, released=False)",decode,1,0,452712,23,d61968e8-e4aa-43a2-8ca8-85b623ffd1e5_dp0,0,nixl_start_time
1780280973.9429417,1780280973.9675148,24.573,1780280973.9675422,0.027418136596679688,137343904608,137343.904608,1780280973.9429417,24.600505828857422,0.00476837158203125,4.81104850769043,4.791,42467328,1.7282109632523501,2592,chatcmpl-ab58ee0c-9134-45cc-bf56-e53a9970128c-8e9c2a36,"nixl_xfer_handle(0x5af9a38116c0, released=False)",decode,0,0,452715,27,d61968e8-e4aa-43a2-8ca8-85b623ffd1e5_dp1,0,nixl_start_time
1780280973.9673066,1780280973.9694235,2.117,1780280973.969682,0.25844573974609375,137343928973,137343.928973,1780280973.9673066,2.375364303588867,0.0045299530029296875,2.1381378173828125,2.117,4718592,2.228905054322154,288,chatcmpl-0b4b64b5-b6de-4ee0-b73a-64e5d4de1cfe-a2927746,"nixl_xfer_handle(0x5563599aa860, released=False)",decode,1,0,452712,3,d61968e8-e4aa-43a2-8ca8-85b623ffd1e5_dp0,0,nixl_start_time
1780280973.9922607,1780280973.9994926,7.231999999999999,1780280973.9998424,0.3497600555419922,137343953927,137343.953927,1780280973.9922607,7.5817108154296875,0.0050067901611328125,7.254838943481445,7.232,9437184,1.304920353982301,576,chatcmpl-8b8e58a1-01fc-4fa7-957e-ca9cc3070e83-a24d2b62,"nixl_xfer_handle(0x5af9a38116c0, released=False)",decode,0,0,452715,6,d61968e8-e4aa-43a2-8ca8-85b623ffd1e5_dp1,0,nixl_start_time
1780280974.0665157,1780280974.0686326,2.117,1780280974.0688906,0.2579689025878906,137344028182,137344.028182,1780280974.0665157,2.374887466430664,0.0045299530029296875,2.1369457244873047,2.117,4718592,2.228905054322154,288,chatcmpl-347e2d30-2ac9-41e0-9104-146e5b8c22d6-8b3a5dff,"nixl_xfer_handle(0x5563599aa860, released=False)",decode,1,0,452712,3,d61968e8-e4aa-43a2-8ca8-85b623ffd1e5_dp1,0,nixl_start_time
