start,end,duration_ms,req,role,dp,tp,pid,n_blocks,remote_engine,remote_rank
1780280964.265668,1780280964.2660558,0.3879070281982422,chatcmpl-6a82de0d-2f62-4a9a-b606-3606bd30f174-a89e33d4,decode,0,0,452715,2,d61968e8-e4aa-43a2-8ca8-85b623ffd1e5_dp0,0
1780280964.3008876,1780280964.3012295,0.3418922424316406,chatcmpl-23e26d02-f6b1-416f-9035-5d11585fb8b1-8349479d,decode,0,0,452715,1,d61968e8-e4aa-43a2-8ca8-85b623ffd1e5_dp1,0
1780280964.5716083,1780280964.5718668,0.25844573974609375,chatcmpl-efc3ae3d-f393-4209-a45d-7b836a405f27-80225dff,decode,0,0,452715,2,d61968e8-e4aa-43a2-8ca8-85b623ffd1e5_dp1,0
1780280964.760198,1780280964.7748566,14.658451080322266,chatcmpl-e58583d9-ae0d-4f95-8c5d-cae21cae8515-814b18e0,decode,0,0,452715,35,d61968e8-e4aa-43a2-8ca8-85b623ffd1e5_dp0,0
1780280964.7743242,1780280964.7895303,15.206098556518555,chatcmpl-1468c29f-c934-4044-9cf2-504daab506f9-917f45e5,decode,0,0,452715,10,d61968e8-e4aa-43a2-8ca8-85b623ffd1e5_dp1,0
1780280964.8030908,1780280964.8033762,0.2853870391845703,chatcmpl-0d3bcb46-18a0-481c-9702-31c34e905606-9b93d7c5,decode,0,0,452715,2,d61968e8-e4aa-43a2-8ca8-85b623ffd1e5_dp0,0
1780280964.996396,1780280965.011828,15.431880950927734,chatcmpl-4fd3a3f0-afa9-4099-b0b0-e79a73536ad9-a5a4a7d0,decode,0,0,452715,49,d61968e8-e4aa-43a2-8ca8-85b623ffd1e5_dp0,0
1780280965.062422,1780280965.0626845,0.2624988555908203,chatcmpl-6ef3bae0-108e-454c-a9a0-12819aee1a83-bda85bb7,decode,0,0,452715,2,d61968e8-e4aa-43a2-8ca8-85b623ffd1e5_dp1,0
1780280965.2146418,1780280965.220726,6.084203720092773,chatcmpl-3adb597f-b160-4f15-b175-9fc89295e44a-b5494d7c,decode,0,0,452715,17,d61968e8-e4aa-43a2-8ca8-85b623ffd1e5_dp0,0
1780280965.3704574,1780280965.37075,0.2925395965576172,chatcmpl-c7825594-efc3-48fc-9f55-409c30f69961-a747cf6d,decode,0,0,452715,2,d61968e8-e4aa-43a2-8ca8-85b623ffd1e5_dp0,0
1780280965.473852,1780280965.491714,17.86208152770996,chatcmpl-73b28112-db11-4edd-aaaf-5454ff5c858c-81c9f672,decode,0,0,452715,25,d61968e8-e4aa-43a2-8ca8-85b623ffd1e5_dp1,0
1780280965.5907261,1780280965.612095,21.368980407714844,chatcmpl-2a7bead4-c802-49ce-bceb-34615af806f3-9a0750dc,decode,0,0,452715,31,d61968e8-e4aa-43a2-8ca8-85b623ffd1e5_dp1,0
1780280965.6006644,1780280965.6200752,19.41084861755371,chatcmpl-37ab1b8f-05ed-48f9-b2b8-8245ca27919b-858640a2,decode,0,0,452715,19,d61968e8-e4aa-43a2-8ca8-85b623ffd1e5_dp0,0
1780280965.611646,1780280965.6201282,8.482217788696289,chatcmpl-0481e5a1-0d6f-4241-b2dd-c9ce8d755c0f-95203836,decode,0,0,452715,20,d61968e8-e4aa-43a2-8ca8-85b623ffd1e5_dp1,0
1780280965.8098593,1780280965.8305519,20.69258689880371,chatcmpl-1aed21fc-727a-4c3a-aacd-e8013f58aea8-b31815fe,decode,0,0,452715,35,d61968e8-e4aa-43a2-8ca8-85b623ffd1e5_dp1,0
1780280965.9945157,1780280966.010159,15.64335823059082,chatcmpl-d26b2a1d-0f82-415a-8a1b-93306961c11b-8e833fa1,decode,0,0,452715,37,d61968e8-e4aa-43a2-8ca8-85b623ffd1e5_dp0,0
1780280966.0095425,1780280966.0287464,19.203901290893555,chatcmpl-ba52e5cf-d284-48c7-9e1e-e00c6aa96633-93fa0270,decode,0,0,452715,7,d61968e8-e4aa-43a2-8ca8-85b623ffd1e5_dp1,0
1780280966.028334,1780280966.028763,0.4291534423828125,chatcmpl-cc1468ec-a582-4be9-b485-c8abd83f748e-9e5ada67,decode,0,0,452715,2,d61968e8-e4aa-43a2-8ca8-85b623ffd1e5_dp0,0
1780280966.35658,1780280966.3570082,0.42819976806640625,chatcmpl-93f53e72-f74e-446c-9ae3-e4f2b7348c93-8f63284d,decode,0,0,452715,1,d61968e8-e4aa-43a2-8ca8-85b623ffd1e5_dp0,0
1780280966.6401353,1780280966.6405327,0.3974437713623047,chatcmpl-baec1e9f-0502-4e90-8915-0a54202433f6-931c865b,decode,0,0,452715,1,d61968e8-e4aa-43a2-8ca8-85b623ffd1e5_dp0,0
1780280966.8846738,1780280966.8850815,0.4076957702636719,chatcmpl-5314d278-5874-4920-b07a-453a4e6dd503-959080ff,decode,0,0,452715,1,d61968e8-e4aa-43a2-8ca8-85b623ffd1e5_dp1,0
1780280966.9413164,1780280966.9416888,0.3724098205566406,chatcmpl-2ebbb306-6633-402a-b69a-76822e9689b8-a3f5a7a3,decode,0,0,452715,8,d61968e8-e4aa-43a2-8ca8-85b623ffd1e5_dp0,0
1780280967.0599997,1780280967.0798354,19.835710525512695,chatcmpl-61655594-c896-45ce-a5cd-594d1928c9cc-966abf85,decode,0,0,452715,27,d61968e8-e4aa-43a2-8ca8-85b623ffd1e5_dp0,0
1780280967.108469,1780280967.1159818,7.512807846069336,chatcmpl-3b27b960-c3cb-4c97-936d-1726d387b1d9-81629b40,decode,0,0,452715,20,d61968e8-e4aa-43a2-8ca8-85b623ffd1e5_dp1,0
1780280967.2789996,1780280967.288973,9.973526000976562,chatcmpl-da53ae09-f537-49e1-af0c-e3b1e6b81668-8ae3d753,decode,0,0,452715,17,d61968e8-e4aa-43a2-8ca8-85b623ffd1e5_dp1,0
1780280967.3290749,1780280967.3367698,7.69495964050293,chatcmpl-8109c188-49db-4c8a-9d46-aacb4e361c0c-87d5a9fe,decode,0,0,452715,20,d61968e8-e4aa-43a2-8ca8-85b623ffd1e5_dp1,0
1780280967.6582613,1780280967.6586637,0.4024505615234375,chatcmpl-4e705330-6bef-43b5-a078-f42aa4d71bf9-ae69d2b6,decode,0,0,452715,5,d61968e8-e4aa-43a2-8ca8-85b623ffd1e5_dp0,0
1780280967.743547,1780280967.7518508,8.30388069152832,chatcmpl-d7739b89-4590-44b5-96d5-74985b1292b7-8c05e233,decode,0,0,452715,16,d61968e8-e4aa-43a2-8ca8-85b623ffd1e5_dp1,0
1780280967.7673814,1780280967.776128,8.746623992919922,chatcmpl-a3c43a26-6a19-4a6a-8b42-00d3a37c63de-952efc2d,decode,0,0,452715,13,d61968e8-e4aa-43a2-8ca8-85b623ffd1e5_dp1,0
1780280967.8558567,1780280967.8750162,19.159555435180664,chatcmpl-d88d6e2d-8cf9-4f2e-ba19-13277ee5a064-bf9ec1f9,decode,0,0,452715,52,d61968e8-e4aa-43a2-8ca8-85b623ffd1e5_dp0,0
1780280967.8745716,1780280967.8832347,8.663177490234375,chatcmpl-86a401b3-51ef-4e86-b11a-b9ae154eaf12-8cf13107,decode,0,0,452715,17,d61968e8-e4aa-43a2-8ca8-85b623ffd1e5_dp1,0
1780280967.93224,1780280967.9326541,0.41413307189941406,chatcmpl-a62e8aee-9cae-42fa-9d44-3fae5055e4d8-a0f3e33f,decode,0,0,452715,1,d61968e8-e4aa-43a2-8ca8-85b623ffd1e5_dp0,0
1780280967.9840999,1780280967.9930604,8.960485458374023,chatcmpl-be819431-30a5-4ca4-945b-abd8e7e0064a-938ffeef,decode,0,0,452715,12,d61968e8-e4aa-43a2-8ca8-85b623ffd1e5_dp0,0
1780280968.0223691,1780280968.0419502,19.581079483032227,chatcmpl-d9551328-b6ce-4f70-9b36-07f5e85f7269-a745fc78,decode,0,0,452715,26,d61968e8-e4aa-43a2-8ca8-85b623ffd1e5_dp1,0
1780280968.2487905,1780280968.2491543,0.3638267517089844,chatcmpl-1b0cf003-5218-4355-9b26-aa0bae0258fe-978d064b,decode,0,0,452715,1,d61968e8-e4aa-43a2-8ca8-85b623ffd1e5_dp0,0
1780280968.313266,1780280968.3209264,7.660388946533203,chatcmpl-0ebca902-9aa3-46e2-9f9d-77e9a19fe9cc-8ed3bfe1,decode,0,0,452715,18,d61968e8-e4aa-43a2-8ca8-85b623ffd1e5_dp1,0
1780280968.4613287,1780280968.4702191,8.890390396118164,chatcmpl-3380e12a-2817-4210-ade1-33813230d690-b861324d,decode,0,0,452715,12,d61968e8-e4aa-43a2-8ca8-85b623ffd1e5_dp0,0
1780280968.5118098,1780280968.5311165,19.306659698486328,chatcmpl-adaa6feb-67f1-490b-ba01-c1fb55736492-90bafaa4,decode,0,0,452715,26,d61968e8-e4aa-43a2-8ca8-85b623ffd1e5_dp1,0
1780280968.6058347,1780280968.6062014,0.3666877746582031,chatcmpl-6afca7b0-675e-49ed-885a-a2672f8a4939-b675b3b0,decode,0,0,452715,2,d61968e8-e4aa-43a2-8ca8-85b623ffd1e5_dp1,0
1780280968.6319504,1780280968.6323032,0.3528594970703125,chatcmpl-5b6f8319-32d5-453d-8018-a392756e4f76-b9953650,decode,0,0,452715,4,d61968e8-e4aa-43a2-8ca8-85b623ffd1e5_dp0,0
1780280968.7797933,1780280968.800014,20.22075653076172,chatcmpl-d99bc060-f2ab-40a2-819d-80990ab95060-8acb6f9a,decode,0,0,452715,50,d61968e8-e4aa-43a2-8ca8-85b623ffd1e5_dp1,0
1780280968.797778,1780280968.8069086,9.130716323852539,chatcmpl-a27b2c41-e285-4dec-ac88-9f3e1d3a0037-a66e13a8,decode,0,0,452715,11,d61968e8-e4aa-43a2-8ca8-85b623ffd1e5_dp0,0
1780280968.799562,1780280968.8069463,7.384300231933594,chatcmpl-d1fe81ba-df1b-444b-a99d-44be5852ca98-9162d7e1,decode,0,0,452715,2,d61968e8-e4aa-43a2-8ca8-85b623ffd1e5_dp1,0
1780280968.946731,1780280968.9647048,17.973661422729492,chatcmpl-3aefbdc7-40c5-4093-8764-5b8ba3d4b81e-8bef48b0,decode,0,0,452715,40,d61968e8-e4aa-43a2-8ca8-85b623ffd1e5_dp1,0
1780280969.0532527,1780280969.0535784,0.3256797790527344,chatcmpl-2ceffb33-6ba0-4ad8-83ea-93dfb53559b9-90ff2d1f,decode,0,0,452715,2,d61968e8-e4aa-43a2-8ca8-85b623ffd1e5_dp0,0
1780280969.0999362,1780280969.1106563,10.720014572143555,chatcmpl-61c7cef3-1a4e-47fc-98cc-7253adecce3c-9fea4ebf,decode,0,0,452715,1,d61968e8-e4aa-43a2-8ca8-85b623ffd1e5_dp1,0
1780280969.2366686,1780280969.2561245,19.455909729003906,chatcmpl-7c6d09ca-8c39-449b-94df-ead347c0ae13-a50c276a,decode,0,0,452715,26,d61968e8-e4aa-43a2-8ca8-85b623ffd1e5_dp1,0
1780280969.4305532,1780280969.4562771,25.723934173583984,chatcmpl-db5ed54d-12c4-42af-b231-55f89da9054b-abcc6ba6,decode,0,0,452715,34,d61968e8-e4aa-43a2-8ca8-85b623ffd1e5_dp0,0
1780280969.4558778,1780280969.456292,0.41413307189941406,chatcmpl-4d877db0-5c81-4f0b-9977-85972ef08983-aab51229,decode,0,0,452715,6,d61968e8-e4aa-43a2-8ca8-85b623ffd1e5_dp0,0
1780280969.491112,1780280969.5106177,19.505739212036133,chatcmpl-be06f578-b996-4035-ac0d-f195aa7afc0d-ada8b574,decode,0,0,452715,30,d61968e8-e4aa-43a2-8ca8-85b623ffd1e5_dp0,0
1780280969.4997554,1780280969.5106487,10.89334487915039,chatcmpl-ffe299fb-cdb2-4788-bbb5-d848cd593c64-8add88a2,decode,0,0,452715,2,d61968e8-e4aa-43a2-8ca8-85b623ffd1e5_dp1,0
1780280969.538072,1780280969.5384932,0.4210472106933594,chatcmpl-334807e7-f2a2-4af1-a1be-c2f5fd2d2bee-a1ee4d66,decode,0,0,452715,3,d61968e8-e4aa-43a2-8ca8-85b623ffd1e5_dp1,0
1780280969.6209743,1780280969.6213713,0.39696693420410156,chatcmpl-6d555d2c-2393-4c46-9ba9-3fdfd081e96c-9aaba9f5,decode,0,0,452715,2,d61968e8-e4aa-43a2-8ca8-85b623ffd1e5_dp1,0
1780280969.8035254,1780280969.8107727,7.247209548950195,chatcmpl-c65a9486-4526-42dd-81d0-8ddeadc1030a-83a9b731,decode,0,0,452715,23,d61968e8-e4aa-43a2-8ca8-85b623ffd1e5_dp0,0
1780280969.9468226,1780280969.9552348,8.41212272644043,chatcmpl-3f176e04-8186-417e-86c8-0cc874871eac-9772a5c0,decode,0,0,452715,11,d61968e8-e4aa-43a2-8ca8-85b623ffd1e5_dp1,0
1780280970.0782125,1780280970.078598,0.38552284240722656,chatcmpl-27989f90-4730-4437-8812-07920a30e9c4-a2253932,decode,0,0,452715,2,d61968e8-e4aa-43a2-8ca8-85b623ffd1e5_dp0,0
1780280970.1130772,1780280970.1134868,0.4096031188964844,chatcmpl-e7790a6d-d450-4520-8b10-9280a2e688a7-8ee88e32,decode,0,0,452715,1,d61968e8-e4aa-43a2-8ca8-85b623ffd1e5_dp0,0
1780280970.3940723,1780280970.4126384,18.566131591796875,chatcmpl-0420158e-e9ad-44d3-8a03-0ac7f615e782-a2029f1d,decode,0,0,452715,34,d61968e8-e4aa-43a2-8ca8-85b623ffd1e5_dp1,0
1780280970.597967,1780280970.616972,19.00506019592285,chatcmpl-fb730c24-2761-4f4a-b3ff-db8df04f8fc2-9286b7d4,decode,0,0,452715,30,d61968e8-e4aa-43a2-8ca8-85b623ffd1e5_dp1,0
1780280970.6065109,1780280970.6170266,10.515689849853516,chatcmpl-50f743f8-224e-4f7a-929d-bf0febc7f673-87258558,decode,0,0,452715,2,d61968e8-e4aa-43a2-8ca8-85b623ffd1e5_dp0,0
1780280970.7667356,1780280970.7854927,18.757104873657227,chatcmpl-7c09da55-b76d-4cd1-a239-36e9d67884d8-a95219f5,decode,0,0,452715,33,d61968e8-e4aa-43a2-8ca8-85b623ffd1e5_dp1,0
1780280970.87247,1780280970.8911412,18.671274185180664,chatcmpl-03d122cf-71a2-41d3-a073-aa18ba6671db-bfd95a4b,decode,0,0,452715,49,d61968e8-e4aa-43a2-8ca8-85b623ffd1e5_dp0,0
1780280970.890741,1780280970.8911595,0.4184246063232422,chatcmpl-c8d16a01-94fe-4278-97b9-bf944b306380-baf9c2d7,decode,0,0,452715,4,d61968e8-e4aa-43a2-8ca8-85b623ffd1e5_dp1,0
1780280970.916308,1780280970.9239428,7.634878158569336,chatcmpl-d19cfc43-e4b6-48f2-9531-d36b0b47337f-ba2ab0fa,decode,0,0,452715,19,d61968e8-e4aa-43a2-8ca8-85b623ffd1e5_dp0,0
1780280971.0490456,1780280971.0676079,18.56231689453125,chatcmpl-f2902ca0-9b73-445d-bf00-678872825ef6-a17e895a,decode,0,0,452715,45,d61968e8-e4aa-43a2-8ca8-85b623ffd1e5_dp0,0
1780280971.0671673,1780280971.076071,8.903741836547852,chatcmpl-830d63e4-648e-4684-b7ae-bcf500ecda32-97cb68fa,decode,0,0,452715,14,d61968e8-e4aa-43a2-8ca8-85b623ffd1e5_dp0,0
1780280971.5337188,1780280971.5556104,21.89159393310547,chatcmpl-6a54f910-171d-4d5e-8e5f-713d6afbe4c6-aa2498d1,decode,0,0,452715,59,d61968e8-e4aa-43a2-8ca8-85b623ffd1e5_dp0,0
1780280971.5551374,1780280971.5556269,0.4894733428955078,chatcmpl-c3762b19-5309-448f-b0c6-8b3189f15d09-b5c3e327,decode,0,0,452715,9,d61968e8-e4aa-43a2-8ca8-85b623ffd1e5_dp0,0
1780280971.6576834,1780280971.6580198,0.3364086151123047,chatcmpl-6b6c68bc-5b63-4cbb-b000-3fd16c63697d-b7225220,decode,0,0,452715,1,d61968e8-e4aa-43a2-8ca8-85b623ffd1e5_dp0,0
1780280971.7470498,1780280971.7521365,5.086660385131836,chatcmpl-1bf7c1ee-1b1c-4564-935e-0c4fe47c78c2-a97d4182,decode,0,0,452715,5,d61968e8-e4aa-43a2-8ca8-85b623ffd1e5_dp1,0
1780280971.7517228,1780280971.7672908,15.568017959594727,chatcmpl-0bda4166-8525-4b5c-8845-886b91b61f96-bca44ea3,decode,0,0,452715,29,d61968e8-e4aa-43a2-8ca8-85b623ffd1e5_dp0,0
1780280971.8294783,1780280971.8299181,0.4398822784423828,chatcmpl-0defa277-7734-4206-88c1-84067b66e669-921c83e7,decode,0,0,452715,2,d61968e8-e4aa-43a2-8ca8-85b623ffd1e5_dp0,0
1780280971.8692958,1780280971.8759718,6.675958633422852,chatcmpl-9b8ce220-3974-43ea-9948-35acfc3a597b-a314a4f5,decode,0,0,452715,5,d61968e8-e4aa-43a2-8ca8-85b623ffd1e5_dp0,0
1780280972.0952218,1780280972.0957685,0.5466938018798828,chatcmpl-12dc0825-f5bc-47c5-85f0-8182fc9630c4-b00d8b65,decode,0,0,452715,2,d61968e8-e4aa-43a2-8ca8-85b623ffd1e5_dp0,0
1780280972.3035593,1780280972.3225067,18.947362899780273,chatcmpl-9358d313-ca59-4438-bf74-4b1659fb05d3-80a219ac,decode,0,0,452715,36,d61968e8-e4aa-43a2-8ca8-85b623ffd1e5_dp0,0
1780280972.3732295,1780280972.3738017,0.57220458984375,chatcmpl-f62b6923-d884-4c1e-8565-f9370feb2525-83354930,decode,0,0,452715,2,d61968e8-e4aa-43a2-8ca8-85b623ffd1e5_dp1,0
1780280972.4691343,1780280972.469477,0.3426074981689453,chatcmpl-f370b486-1a01-46b4-ae81-3e95471e20c6-a8b29cdc,decode,0,0,452715,2,d61968e8-e4aa-43a2-8ca8-85b623ffd1e5_dp1,0
1780280972.5799637,1780280972.5803046,0.3409385681152344,chatcmpl-16153569-3d0d-4cab-8cea-53044a41b365-a2c67223,decode,0,0,452715,1,d61968e8-e4aa-43a2-8ca8-85b623ffd1e5_dp0,0
1780280972.6183615,1780280972.6268997,8.538246154785156,chatcmpl-3fc14526-0061-407f-944e-7089ec8c82f8-8699e3fb,decode,0,0,452715,15,d61968e8-e4aa-43a2-8ca8-85b623ffd1e5_dp1,0
1780280972.8722289,1780280972.8727646,0.5357265472412109,chatcmpl-4ec65a6d-0740-4ed9-864a-a4c7adcefe5f-9136f31f,decode,0,0,452715,2,d61968e8-e4aa-43a2-8ca8-85b623ffd1e5_dp0,0
1780280972.9109771,1780280972.9186413,7.664203643798828,chatcmpl-2bba5bb6-4fea-4aae-bb06-86aee1afbaeb-9789235f,decode,0,0,452715,24,d61968e8-e4aa-43a2-8ca8-85b623ffd1e5_dp0,0
1780280973.1847725,1780280973.1993728,14.600276947021484,chatcmpl-05936076-7c65-4676-a577-d9bea0431513-98479cab,decode,0,0,452715,56,d61968e8-e4aa-43a2-8ca8-85b623ffd1e5_dp1,0
1780280973.4469974,1780280973.4473717,0.3743171691894531,chatcmpl-ca331cee-c7f9-46fc-b648-9e88aadb6868-989babc7,decode,0,0,452715,5,d61968e8-e4aa-43a2-8ca8-85b623ffd1e5_dp1,0
1780280973.5299544,1780280973.5386329,8.678436279296875,chatcmpl-e94584da-4175-4f80-aa91-e0334fe57e7c-b86af0ac,decode,0,0,452715,16,d61968e8-e4aa-43a2-8ca8-85b623ffd1e5_dp0,0
1780280973.7167566,1780280973.717147,0.3905296325683594,chatcmpl-fceee7fa-e890-48ef-b7e9-685d1fc2c0e4-a34910f2,decode,0,0,452715,7,d61968e8-e4aa-43a2-8ca8-85b623ffd1e5_dp1,0
1780280973.7471952,1780280973.747562,0.3666877746582031,chatcmpl-eb421faf-3fa1-40f2-9a5f-30e87c8e5ad1-a392ce24,decode,0,0,452715,2,d61968e8-e4aa-43a2-8ca8-85b623ffd1e5_dp1,0
1780280973.7719173,1780280973.7723067,0.38933753967285156,chatcmpl-ccefb51a-8f78-4baa-920b-e2ad50c00bad-82303b2d,decode,0,0,452715,2,d61968e8-e4aa-43a2-8ca8-85b623ffd1e5_dp1,0
1780280973.947757,1780280973.9675543,19.797325134277344,chatcmpl-ab58ee0c-9134-45cc-bf56-e53a9970128c-8e9c2a36,decode,0,0,452715,27,d61968e8-e4aa-43a2-8ca8-85b623ffd1e5_dp1,0
1780280973.9995165,1780280973.999851,0.3345012664794922,chatcmpl-8b8e58a1-01fc-4fa7-957e-ca9cc3070e83-a24d2b62,decode,0,0,452715,6,d61968e8-e4aa-43a2-8ca8-85b623ffd1e5_dp1,0
1780280964.2895865,1780280964.2898364,0.2498626708984375,chatcmpl-21b057d9-8646-42cb-9dac-bbd98f9ac436-b86a11c7,decode,1,0,452712,2,d61968e8-e4aa-43a2-8ca8-85b623ffd1e5_dp0,0
1780280964.3573496,1780280964.3734818,16.132116317749023,chatcmpl-d36dd96f-4e43-4b8c-9d41-6a57fc65010d-ae23be8b,decode,1,0,452712,29,d61968e8-e4aa-43a2-8ca8-85b623ffd1e5_dp0,0
1780280964.460378,1780280964.460626,0.247955322265625,chatcmpl-a976c9bb-2d96-4164-9c2a-9d0d2e190b35-bd865120,decode,1,0,452712,2,d61968e8-e4aa-43a2-8ca8-85b623ffd1e5_dp0,0
1780280964.575166,1780280964.581768,6.602048873901367,chatcmpl-c3a8dd76-b6f2-43be-bed2-5461f39709ff-a85083e1,decode,1,0,452712,15,d61968e8-e4aa-43a2-8ca8-85b623ffd1e5_dp0,0
1780280964.756318,1780280964.7565768,0.2586841583251953,chatcmpl-4c118f4a-8b61-4036-b817-2086cdbbf064-bf87da70,decode,1,0,452712,5,d61968e8-e4aa-43a2-8ca8-85b623ffd1e5_dp1,0
1780280964.7654366,1780280964.765687,0.2503395080566406,chatcmpl-b1827a2c-8b8f-47f5-a9bd-a5da4979818e-99a30b22,decode,1,0,452712,1,d61968e8-e4aa-43a2-8ca8-85b623ffd1e5_dp0,0
1780280964.8815224,1780280964.886901,5.378484725952148,chatcmpl-5ab4b4ad-04d7-458d-b189-f92e7b310a90-b2f612ca,decode,1,0,452712,18,d61968e8-e4aa-43a2-8ca8-85b623ffd1e5_dp1,0
1780280965.049517,1780280965.0497642,0.2472400665283203,chatcmpl-35bb4b19-23da-45d0-9fbc-c8356fbf5728-80b743a2,decode,1,0,452712,2,d61968e8-e4aa-43a2-8ca8-85b623ffd1e5_dp0,0
1780280965.1936538,1780280965.2086096,14.955759048461914,chatcmpl-e0bc4fd4-0bdc-4b92-9e6e-7245d95a3dd4-b41ba86c,decode,1,0,452712,36,d61968e8-e4aa-43a2-8ca8-85b623ffd1e5_dp0,0
1780280965.296272,1780280965.2965302,0.2582073211669922,chatcmpl-3d09b7b9-2f40-4a3e-8644-85a28f405eda-96dc2822,decode,1,0,452712,2,d61968e8-e4aa-43a2-8ca8-85b623ffd1e5_dp1,0
1780280965.5679557,1780280965.58317,15.214204788208008,chatcmpl-f43a33cc-c393-4a80-8063-0541dc9480fa-8d264b42,decode,1,0,452712,54,d61968e8-e4aa-43a2-8ca8-85b623ffd1e5_dp0,0
1780280965.5979574,1780280965.5982087,0.2512931823730469,chatcmpl-e75bf2dd-db95-4523-9c1c-0165d92f6d7f-85a8b4ea,decode,1,0,452712,4,d61968e8-e4aa-43a2-8ca8-85b623ffd1e5_dp0,0
1780280965.6110559,1780280965.611309,0.2532005310058594,chatcmpl-146a193e-6352-4fb0-9845-c10e4c52ba9d-8b604dc9,decode,1,0,452712,5,d61968e8-e4aa-43a2-8ca8-85b623ffd1e5_dp1,0
1780280965.7024019,1780280965.718169,15.767097473144531,chatcmpl-7228d033-5e46-49fa-a6a8-5ebaffbf1dd3-892522cf,decode,1,0,452712,33,d61968e8-e4aa-43a2-8ca8-85b623ffd1e5_dp0,0
1780280965.8152232,1780280965.8304238,15.200614929199219,chatcmpl-095f3158-53e9-4223-ad6f-c909029ff5d5-aaaf8cd5,decode,1,0,452712,45,d61968e8-e4aa-43a2-8ca8-85b623ffd1e5_dp0,0
1780280965.8444045,1780280965.8446534,0.24890899658203125,chatcmpl-346972cf-d0d4-4d8b-9a83-145d893681de-ad397f01,decode,1,0,452712,3,d61968e8-e4aa-43a2-8ca8-85b623ffd1e5_dp0,0
1780280965.9066691,1780280965.915607,8.937835693359375,chatcmpl-01732eb5-9120-4703-8d21-7e63f9c7ef25-98f510ae,decode,1,0,452712,11,d61968e8-e4aa-43a2-8ca8-85b623ffd1e5_dp1,0
1780280966.0056236,1780280966.0058503,0.22673606872558594,chatcmpl-4159a4a4-1887-4f64-af14-5a01fe607663-96c9cc2a,decode,1,0,452712,6,d61968e8-e4aa-43a2-8ca8-85b623ffd1e5_dp1,0
1780280966.0199804,1780280966.0202355,0.2551078796386719,chatcmpl-6b70fee9-001d-4dc0-8884-f9e8d89d939d-81472b48,decode,1,0,452712,9,d61968e8-e4aa-43a2-8ca8-85b623ffd1e5_dp0,0
1780280966.0669253,1780280966.074889,7.963657379150391,chatcmpl-0565be60-572e-4087-b817-56d5a8ac8d67-9e706dd6,decode,1,0,452712,13,d61968e8-e4aa-43a2-8ca8-85b623ffd1e5_dp1,0
1780280966.161358,1780280966.161609,0.25081634521484375,chatcmpl-3d9849fa-5244-4454-a631-d8d84479b10c-940378a8,decode,1,0,452712,2,d61968e8-e4aa-43a2-8ca8-85b623ffd1e5_dp0,0
1780280966.3692791,1780280966.3841772,14.898061752319336,chatcmpl-b52872f4-877f-4cee-a968-b58ba1579393-8d6b0bb2,decode,1,0,452712,51,d61968e8-e4aa-43a2-8ca8-85b623ffd1e5_dp1,0
1780280966.4501941,1780280966.4504657,0.2715587615966797,chatcmpl-2ace9b0f-8eee-4d32-813b-7b3ca4b12fe4-b5878027,decode,1,0,452712,7,d61968e8-e4aa-43a2-8ca8-85b623ffd1e5_dp0,0
1780280966.5461063,1780280966.5463762,0.26988983154296875,chatcmpl-5dda9474-0f7c-4dea-b052-a966130e34e3-be564ab9,decode,1,0,452712,6,d61968e8-e4aa-43a2-8ca8-85b623ffd1e5_dp1,0
1780280966.8263488,1780280966.835119,8.770227432250977,chatcmpl-023522b4-5693-499c-9f33-ece2531944b2-8e8b6efd,decode,1,0,452712,18,d61968e8-e4aa-43a2-8ca8-85b623ffd1e5_dp0,0
1780280966.9650066,1780280966.9699814,4.974842071533203,chatcmpl-da521fce-8282-4944-bd72-0e04173bc553-8d24db97,decode,1,0,452712,19,d61968e8-e4aa-43a2-8ca8-85b623ffd1e5_dp1,0
1780280966.997536,1780280966.9977808,0.2448558807373047,chatcmpl-09537bf5-9cdd-46c2-9768-f0e4c9faa1da-82923d9d,decode,1,0,452712,5,d61968e8-e4aa-43a2-8ca8-85b623ffd1e5_dp1,0
1780280967.0817354,1780280967.0819829,0.24747848510742188,chatcmpl-6e75c084-8eaa-4dfe-a660-b25eba8c59a6-9090a244,decode,1,0,452712,3,d61968e8-e4aa-43a2-8ca8-85b623ffd1e5_dp0,0
1780280967.2849646,1780280967.3000703,15.105724334716797,chatcmpl-8f4d1de1-2bfa-440c-a33f-0938091c8b8d-a1bcc6ad,decode,1,0,452712,37,d61968e8-e4aa-43a2-8ca8-85b623ffd1e5_dp0,0
1780280967.3250985,1780280967.3268344,1.7359256744384766,chatcmpl-f37f07b3-4250-470b-bca4-d72db175b36b-807d8048,decode,1,0,452712,1,d61968e8-e4aa-43a2-8ca8-85b623ffd1e5_dp0,0
1780280967.3265836,1780280967.3268461,0.2624988555908203,chatcmpl-9078b953-3b10-48bc-87dc-1c9c4a5eafd5-becabaa4,decode,1,0,452712,2,d61968e8-e4aa-43a2-8ca8-85b623ffd1e5_dp1,0
1780280967.9405873,1780280967.9562602,15.672922134399414,chatcmpl-be08fe81-4edb-4798-af3b-4073005a3a77-aa6e573c,decode,1,0,452712,32,d61968e8-e4aa-43a2-8ca8-85b623ffd1e5_dp0,0
1780280968.4188333,1780280968.43378,14.946699142456055,chatcmpl-a863d1cb-7827-47e9-ae81-6734f41a79d2-995afc49,decode,1,0,452712,49,d61968e8-e4aa-43a2-8ca8-85b623ffd1e5_dp0,0
1780280968.471417,1780280968.471666,0.2491474151611328,chatcmpl-b3aabdb4-5267-4944-8588-7ba5bba7a1d2-80e0772a,decode,1,0,452712,2,d61968e8-e4aa-43a2-8ca8-85b623ffd1e5_dp0,0
1780280968.6001263,1780280968.615313,15.186786651611328,chatcmpl-db9a01f3-204b-46bf-b10b-4697e460a4d5-8c5787d3,decode,1,0,452712,36,d61968e8-e4aa-43a2-8ca8-85b623ffd1e5_dp0,0
1780280968.627993,1780280968.6282442,0.2510547637939453,chatcmpl-733724fd-3006-4068-bdca-b4c4c7757491-862cd03c,decode,1,0,452712,1,d61968e8-e4aa-43a2-8ca8-85b623ffd1e5_dp0,0
1780280968.799704,1780280968.8067605,7.056474685668945,chatcmpl-e00267a3-da4d-440b-85ae-818c08e3ac01-88e50543,decode,1,0,452712,12,d61968e8-e4aa-43a2-8ca8-85b623ffd1e5_dp0,0
1780280968.8267112,1780280968.8312402,4.528999328613281,chatcmpl-47d8fa7d-db6a-4df8-b2f8-0d5b78bcd48c-ba3334a8,decode,1,0,452712,20,d61968e8-e4aa-43a2-8ca8-85b623ffd1e5_dp0,0
1780280968.9526334,1780280968.952886,0.25272369384765625,chatcmpl-babad501-a043-42c3-9475-e9f9b396390a-aee588d3,decode,1,0,452712,1,d61968e8-e4aa-43a2-8ca8-85b623ffd1e5_dp0,0
1780280969.0471826,1780280969.063739,16.556501388549805,chatcmpl-5f0ae872-e447-4f4b-8ee0-17abbded9c99-814ff453,decode,1,0,452712,39,d61968e8-e4aa-43a2-8ca8-85b623ffd1e5_dp1,0
1780280969.0634706,1780280969.063752,0.28133392333984375,chatcmpl-3e008e5b-b821-455a-90eb-5d18ce0ec3ab-b92173a9,decode,1,0,452712,2,d61968e8-e4aa-43a2-8ca8-85b623ffd1e5_dp1,0
1780280969.136108,1780280969.1363657,0.25773048400878906,chatcmpl-a4b2d9a6-5d2a-4664-9edd-d15b43ab4508-836a4e86,decode,1,0,452712,2,d61968e8-e4aa-43a2-8ca8-85b623ffd1e5_dp0,0
1780280969.2696047,1780280969.2698553,0.2505779266357422,chatcmpl-e46a4d0f-699b-41a6-9382-79946db5c8f7-8bc90287,decode,1,0,452712,2,d61968e8-e4aa-43a2-8ca8-85b623ffd1e5_dp0,0
1780280969.3622644,1780280969.3771725,14.908075332641602,chatcmpl-653f2e06-2a49-413e-800a-6ab7cb9bb428-bb49b0ad,decode,1,0,452712,36,d61968e8-e4aa-43a2-8ca8-85b623ffd1e5_dp1,0
1780280969.4313307,1780280969.4315922,0.26154518127441406,chatcmpl-d78654c6-21c3-4309-8ce2-b81e1d5b867b-afcfaa42,decode,1,0,452712,9,d61968e8-e4aa-43a2-8ca8-85b623ffd1e5_dp1,0
1780280969.4542928,1780280969.4618661,7.573366165161133,chatcmpl-db20de82-ac72-4001-83bf-dd4bdd4036cb-9fc0328a,decode,1,0,452712,11,d61968e8-e4aa-43a2-8ca8-85b623ffd1e5_dp0,0
1780280969.5157094,1780280969.5221198,6.410360336303711,chatcmpl-6bad5f98-daed-4fc3-9917-d7b7c096f940-aff9d115,decode,1,0,452712,12,d61968e8-e4aa-43a2-8ca8-85b623ffd1e5_dp0,0
1780280969.577687,1780280969.5779564,0.2694129943847656,chatcmpl-27997201-bcfb-4fd2-95ec-2c070b1347ca-8f2e5bd6,decode,1,0,452712,10,d61968e8-e4aa-43a2-8ca8-85b623ffd1e5_dp0,0
1780280969.6100967,1780280969.6103616,0.26488304138183594,chatcmpl-06814fd2-43a2-4b1b-a798-b8a6f11bf30d-a287933f,decode,1,0,452712,5,d61968e8-e4aa-43a2-8ca8-85b623ffd1e5_dp0,0
1780280969.68167,1780280969.6819086,0.23865699768066406,chatcmpl-a15e112c-ac60-44fe-be6d-8f6b5d22be53-b63641c2,decode,1,0,452712,4,d61968e8-e4aa-43a2-8ca8-85b623ffd1e5_dp0,0
1780280969.7337563,1780280969.7386405,4.884243011474609,chatcmpl-7f924a64-d28a-4b24-a2e9-d731944cc459-aa935ca4,decode,1,0,452712,16,d61968e8-e4aa-43a2-8ca8-85b623ffd1e5_dp1,0
1780280970.0945718,1780280970.100895,6.323099136352539,chatcmpl-7b9db078-0e07-4b85-913c-e90cf74c61ed-bbf132d5,decode,1,0,452712,13,d61968e8-e4aa-43a2-8ca8-85b623ffd1e5_dp1,0
1780280970.1822467,1780280970.1968858,14.639139175415039,chatcmpl-b4839d5e-2c7a-498f-81d2-1bf7d90545ae-8e8fe93f,decode,1,0,452712,32,d61968e8-e4aa-43a2-8ca8-85b623ffd1e5_dp1,0
1780280970.2241192,1780280970.2327418,8.62264633178711,chatcmpl-c705233a-365f-4bdd-bb5e-eaf6c200a53c-bc81c9a8,decode,1,0,452712,12,d61968e8-e4aa-43a2-8ca8-85b623ffd1e5_dp0,0
1780280970.5581775,1780280970.5584424,0.26488304138183594,chatcmpl-4971e03a-af09-473d-9ca0-8369ada5be96-ac72d04c,decode,1,0,452712,3,d61968e8-e4aa-43a2-8ca8-85b623ffd1e5_dp0,0
1780280970.6081042,1780280970.6168344,8.730173110961914,chatcmpl-33ba292b-0e75-41e3-a016-a69bfd7833c5-84485db0,decode,1,0,452712,11,d61968e8-e4aa-43a2-8ca8-85b623ffd1e5_dp0,0
1780280970.6987078,1780280970.713252,14.544248580932617,chatcmpl-9e486e2b-cd43-4542-95ff-57a2c7ad3aeb-99548525,decode,1,0,452712,41,d61968e8-e4aa-43a2-8ca8-85b623ffd1e5_dp1,0
1780280970.789362,1780280970.797322,7.960081100463867,chatcmpl-3cf3dcbb-a612-4bc7-8c87-5b1225d777cf-bdd4cd51,decode,1,0,452712,13,d61968e8-e4aa-43a2-8ca8-85b623ffd1e5_dp1,0
1780280970.8888497,1780280970.8906167,1.7669200897216797,chatcmpl-420354f5-3e9b-4563-b5cf-d551aa09e479-becbe297,decode,1,0,452712,2,d61968e8-e4aa-43a2-8ca8-85b623ffd1e5_dp1,0
1780280970.8903697,1780280970.8906286,0.2589225769042969,chatcmpl-ec7f2a16-9504-4101-aa2b-03c26e39eade-b7dbdf2d,decode,1,0,452712,2,d61968e8-e4aa-43a2-8ca8-85b623ffd1e5_dp0,0
1780280970.937317,1780280970.9375727,0.25582313537597656,chatcmpl-1735c647-9f77-4c0f-a384-a49dfc9f15e6-a6007899,decode,1,0,452712,2,d61968e8-e4aa-43a2-8ca8-85b623ffd1e5_dp1,0
1780280971.0540102,1780280971.054263,0.2529621124267578,chatcmpl-97c61bc9-be3e-4c9d-acb4-2b763064dc3a-8001a8e3,decode,1,0,452712,2,d61968e8-e4aa-43a2-8ca8-85b623ffd1e5_dp1,0
1780280971.0649288,1780280971.0651734,0.24461746215820312,chatcmpl-3d0c78e9-74fd-463b-a55a-7eb5d1d47ff1-999e1ae0,decode,1,0,452712,2,d61968e8-e4aa-43a2-8ca8-85b623ffd1e5_dp0,0
1780280971.2710748,1780280971.271323,0.24819374084472656,chatcmpl-12f524e1-561d-4ba8-ab2e-3266bd9e1223-ad57110e,decode,1,0,452712,2,d61968e8-e4aa-43a2-8ca8-85b623ffd1e5_dp0,0
1780280971.2955873,1780280971.295846,0.2586841583251953,chatcmpl-f5659b94-177a-4106-8072-5e0585756068-ae6577bb,decode,1,0,452712,3,d61968e8-e4aa-43a2-8ca8-85b623ffd1e5_dp1,0
1780280971.5388005,1780280971.5390387,0.23818016052246094,chatcmpl-a7e364dc-9caf-4b48-8b9a-5ced9a2b313e-8a4d45ef,decode,1,0,452712,2,d61968e8-e4aa-43a2-8ca8-85b623ffd1e5_dp1,0
1780280971.6297264,1780280971.6332545,3.528118133544922,chatcmpl-7611d797-3547-433e-9f4e-16a38c7a6e65-b83dbd3b,decode,1,0,452712,21,d61968e8-e4aa-43a2-8ca8-85b623ffd1e5_dp1,0
1780280971.7824495,1780280971.7827048,0.25534629821777344,chatcmpl-ce9d2287-5f9b-4856-a123-1fbdbd8ef8f9-ad07e4db,decode,1,0,452712,5,d61968e8-e4aa-43a2-8ca8-85b623ffd1e5_dp0,0
1780280971.7923167,1780280971.7925706,0.25391578674316406,chatcmpl-fab575cd-80e4-4c88-aee7-dc7a263e35f0-9f868ff0,decode,1,0,452712,2,d61968e8-e4aa-43a2-8ca8-85b623ffd1e5_dp0,0
1780280971.8217602,1780280971.839408,17.647743225097656,chatcmpl-1650fdcf-2615-43c2-9c3d-f343318f7bc6-99424860,decode,1,0,452712,24,d61968e8-e4aa-43a2-8ca8-85b623ffd1e5_dp1,0
1780280971.8530974,1780280971.8533518,0.2543926239013672,chatcmpl-3a2e0755-008c-42a0-a62d-e3fc15e754f2-97d6f5c9,decode,1,0,452712,2,d61968e8-e4aa-43a2-8ca8-85b623ffd1e5_dp1,0
1780280971.8760803,1780280971.8763325,0.2522468566894531,chatcmpl-2e087d90-b6ce-4d2c-867b-07ee93365631-acc0af40,decode,1,0,452712,1,d61968e8-e4aa-43a2-8ca8-85b623ffd1e5_dp1,0
1780280972.19105,1780280972.1912982,0.24819374084472656,chatcmpl-292f974b-5c59-421c-912d-81fbb8c90f63-985e4f5a,decode,1,0,452712,2,d61968e8-e4aa-43a2-8ca8-85b623ffd1e5_dp1,0
1780280972.326455,1780280972.3267148,0.25963783264160156,chatcmpl-403f5e67-a538-472e-8f97-ee8ae41b70c3-8278accd,decode,1,0,452712,6,d61968e8-e4aa-43a2-8ca8-85b623ffd1e5_dp0,0
1780280972.447853,1780280972.4555416,7.6885223388671875,chatcmpl-44e7d961-36c9-468d-b247-2c6431e48400-82d792ad,decode,1,0,452712,15,d61968e8-e4aa-43a2-8ca8-85b623ffd1e5_dp0,0
1780280972.5757084,1780280972.5922487,16.5402889251709,chatcmpl-c9e9fed6-82fc-472d-a7e5-3069b0199a0b-ad3049ca,decode,1,0,452712,42,d61968e8-e4aa-43a2-8ca8-85b623ffd1e5_dp1,0
1780280972.5919814,1780280972.592261,0.2796649932861328,chatcmpl-c128481e-6163-4f6e-91ff-b2c14f895c78-b20d018f,decode,1,0,452712,2,d61968e8-e4aa-43a2-8ca8-85b623ffd1e5_dp0,0
1780280972.640075,1780280972.640323,0.247955322265625,chatcmpl-d396a176-0ff2-41bf-9d0d-f3d756884096-83cf738d,decode,1,0,452712,2,d61968e8-e4aa-43a2-8ca8-85b623ffd1e5_dp0,0
1780280972.7496057,1780280972.7498512,0.24557113647460938,chatcmpl-35e6edee-c9f0-4e15-9358-4bef2b823655-ac79f927,decode,1,0,452712,2,d61968e8-e4aa-43a2-8ca8-85b623ffd1e5_dp1,0
1780280972.822418,1780280972.8226686,0.2505779266357422,chatcmpl-16eed8e5-a79b-4611-8ee2-2b31dbf5722d-bd23b474,decode,1,0,452712,2,d61968e8-e4aa-43a2-8ca8-85b623ffd1e5_dp0,0
1780280972.872608,1780280972.8728561,0.24819374084472656,chatcmpl-1c9862cd-a436-404e-a435-e5c8c87d7a36-8e62a7be,decode,1,0,452712,4,d61968e8-e4aa-43a2-8ca8-85b623ffd1e5_dp1,0
1780280972.9456732,1780280972.9459217,0.24843215942382812,chatcmpl-2f16ca4d-eff9-4ec7-9226-a03e5f0a45c7-be2cb818,decode,1,0,452712,4,d61968e8-e4aa-43a2-8ca8-85b623ffd1e5_dp1,0
1780280973.04018,1780280973.0554626,15.282630920410156,chatcmpl-ebcface1-42b5-43e3-813c-05b5b262206a-bce09798,decode,1,0,452712,50,d61968e8-e4aa-43a2-8ca8-85b623ffd1e5_dp0,0
1780280973.0551727,1780280973.055474,0.301361083984375,chatcmpl-f7d9844e-63e1-4d0c-82c0-051c75e22732-beac50ee,decode,1,0,452712,1,d61968e8-e4aa-43a2-8ca8-85b623ffd1e5_dp0,0
1780280973.201816,1780280973.2020607,0.24461746215820312,chatcmpl-9ec7b4c4-7820-4c42-9a36-b3bec02acb2a-b197a047,decode,1,0,452712,4,d61968e8-e4aa-43a2-8ca8-85b623ffd1e5_dp0,0
1780280973.4060519,1780280973.4062989,0.24700164794921875,chatcmpl-5bda67ff-6a96-45ae-8eff-db2be6ff33b0-b6e0c050,decode,1,0,452712,2,d61968e8-e4aa-43a2-8ca8-85b623ffd1e5_dp0,0
1780280973.492801,1780280973.4930494,0.24843215942382812,chatcmpl-ea9feb94-fbc7-47d8-b0e6-ac44434a6cd3-b7d317a9,decode,1,0,452712,5,d61968e8-e4aa-43a2-8ca8-85b623ffd1e5_dp0,0
1780280973.519601,1780280973.5198803,0.2791881561279297,chatcmpl-b175515a-50eb-4c8c-8aaf-ee8e49da5967-96339e14,decode,1,0,452712,8,d61968e8-e4aa-43a2-8ca8-85b623ffd1e5_dp1,0
1780280973.5398407,1780280973.5400872,0.24652481079101562,chatcmpl-d2875f38-aee1-4eab-88aa-69ae4a6f4992-bedd0297,decode,1,0,452712,2,d61968e8-e4aa-43a2-8ca8-85b623ffd1e5_dp1,0
1780280973.7029946,1780280973.7089787,5.984067916870117,chatcmpl-3600ba8f-c36f-4eb5-a63a-a36c10a12d8c-a978c597,decode,1,0,452712,15,d61968e8-e4aa-43a2-8ca8-85b623ffd1e5_dp0,0
1780280973.7349277,1780280973.735174,0.24628639221191406,chatcmpl-f10489f9-6659-4580-bf80-7f853db19f79-a79c3ab2,decode,1,0,452712,2,d61968e8-e4aa-43a2-8ca8-85b623ffd1e5_dp0,0
1780280973.7591512,1780280973.7594063,0.2551078796386719,chatcmpl-16793e52-5993-457d-a6e7-19a2f64a9d4f-bbe783ba,decode,1,0,452712,2,d61968e8-e4aa-43a2-8ca8-85b623ffd1e5_dp0,0
1780280973.7996843,1780280973.8191886,19.504308700561523,chatcmpl-530576a8-71f2-4c9d-851b-327f135e29a9-9508cff2,decode,1,0,452712,23,d61968e8-e4aa-43a2-8ca8-85b623ffd1e5_dp0,0
1780280973.969447,1780280973.969691,0.244140625,chatcmpl-0b4b64b5-b6de-4ee0-b73a-64e5d4de1cfe-a2927746,decode,1,0,452712,3,d61968e8-e4aa-43a2-8ca8-85b623ffd1e5_dp0,0
1780280974.068654,1780280974.0689,0.2460479736328125,chatcmpl-347e2d30-2ac9-41e0-9104-146e5b8c22d6-8b3a5dff,decode,1,0,452712,3,d61968e8-e4aa-43a2-8ca8-85b623ffd1e5_dp1,0
