dp_rank,req_id,remote_engine,remote_rank,n_blocks,recv_start_wall,recv_done_wall,latency_ms
0,chatcmpl-7a8e3ea5-00b4-4cb9-b62a-f798b875b786-8c0a31e2,27a16766-d861-43d6-8a84-7ce0ecba850d_dp0,0,2,1779995686.9813116,1779995686.9814358,0.12421607971191406
1,chatcmpl-0b06abb5-888a-4a1c-9f7d-b4c9efe29077-92580bca,27a16766-d861-43d6-8a84-7ce0ecba850d_dp1,0,37,1779995687.062749,1779995687.0723202,9.571313858032227
0,chatcmpl-5b03b18b-ca63-4b4e-9c4d-ffd66ccb671d-859654dc,27a16766-d861-43d6-8a84-7ce0ecba850d_dp0,0,1,1779995687.0755296,1779995687.0758326,0.30303001403808594
1,chatcmpl-b58bb5f6-b53e-43c4-8605-9eb757dfa7ea-9471ea7b,27a16766-d861-43d6-8a84-7ce0ecba850d_dp0,0,25,1779995687.0884001,1779995687.0964398,8.039712905883789
0,chatcmpl-299e2d20-e9ad-4b6b-a4b0-7f4baf586339-9327ea85,27a16766-d861-43d6-8a84-7ce0ecba850d_dp1,0,17,1779995687.1037498,1779995687.1127384,8.988618850708008
1,chatcmpl-c299c806-e018-4e3b-a9f3-691e930a262d-a42e1613,27a16766-d861-43d6-8a84-7ce0ecba850d_dp1,0,3,1779995687.1090014,1779995687.1093965,0.39505958557128906
0,chatcmpl-de50f2f9-644e-453f-baad-2d1df9b7dfb0-a91a61e8,27a16766-d861-43d6-8a84-7ce0ecba850d_dp0,0,3,1779995687.1878345,1779995687.1882296,0.39505958557128906
1,chatcmpl-43f1bd96-40c8-40f4-bc01-2e79ba2eede9-8b093787,27a16766-d861-43d6-8a84-7ce0ecba850d_dp0,0,3,1779995687.2015376,1779995687.2019606,0.4229545593261719
0,chatcmpl-2a3c72a4-ef38-4e94-b98c-7411f9cb79e8-86c08570,27a16766-d861-43d6-8a84-7ce0ecba850d_dp1,0,20,1779995687.2539954,1779995687.2638202,9.824752807617188
1,chatcmpl-a8b88e53-b633-4a1b-bb5a-5f93f81f4b3d-b648a38a,27a16766-d861-43d6-8a84-7ce0ecba850d_dp0,0,12,1779995687.302531,1779995687.306176,3.6449432373046875
1,chatcmpl-834f4781-5a03-451b-a462-323692a1d910-a0f07c24,27a16766-d861-43d6-8a84-7ce0ecba850d_dp1,0,42,1779995687.3979259,1779995687.4184446,20.518779754638672
0,chatcmpl-c76cee34-19db-409c-9ee2-eb49cdc5de0d-b1b8b826,27a16766-d861-43d6-8a84-7ce0ecba850d_dp0,0,49,1779995687.4852905,1779995687.5055149,20.224332809448242
0,chatcmpl-350322b7-4154-4fc9-b947-fbb819368d1d-9a9ca825,27a16766-d861-43d6-8a84-7ce0ecba850d_dp0,0,2,1779995687.4973896,1779995687.5055535,8.163928985595703
1,chatcmpl-8e08d644-8308-4856-a0a1-80ca0d6f8273-bb4a1d7e,27a16766-d861-43d6-8a84-7ce0ecba850d_dp0,0,16,1779995687.76479,1779995687.7771044,12.314319610595703
0,chatcmpl-c835fbd0-d6f8-43ec-8b26-fa8932397cf4-9925c824,27a16766-d861-43d6-8a84-7ce0ecba850d_dp1,0,2,1779995687.7791588,1779995687.779465,0.30612945556640625
0,chatcmpl-4abbf1d6-7fa3-43d7-b611-91adee42282b-9f4c3ff4,27a16766-d861-43d6-8a84-7ce0ecba850d_dp0,0,8,1779995687.8199353,1779995687.8201652,0.22983551025390625
0,chatcmpl-b8580402-78c1-4c4e-a143-335c3eab0d0e-bfbb88cc,27a16766-d861-43d6-8a84-7ce0ecba850d_dp1,0,14,1779995687.8342328,1779995687.8398037,5.570888519287109
1,chatcmpl-05b974c3-292e-4fe8-b9d2-7f700b6dfa82-9ecdba90,27a16766-d861-43d6-8a84-7ce0ecba850d_dp0,0,26,1779995687.8841515,1779995687.8964837,12.33220100402832
1,chatcmpl-ee8049df-b15a-41bd-b3e7-239c14a712fe-8461b22d,27a16766-d861-43d6-8a84-7ce0ecba850d_dp0,0,27,1779995688.136184,1779995688.1496172,13.433218002319336
0,chatcmpl-f9952096-f5ec-43fa-9942-0e9561242a7f-aa7fb6b6,27a16766-d861-43d6-8a84-7ce0ecba850d_dp1,0,4,1779995688.1456301,1779995688.1459298,0.29969215393066406
0,chatcmpl-88ca86b3-1319-4780-8857-776cf23b9203-be1277bd,27a16766-d861-43d6-8a84-7ce0ecba850d_dp1,0,46,1779995688.2997613,1779995688.3216054,21.844148635864258
1,chatcmpl-287d54eb-416b-4853-9b2c-cde55fd7c26b-a96b1aaf,27a16766-d861-43d6-8a84-7ce0ecba850d_dp0,0,2,1779995688.3045032,1779995688.304876,0.37288665771484375
0,chatcmpl-a825eced-91b9-4c79-b2f8-1d5e5ab53472-abe297a9,27a16766-d861-43d6-8a84-7ce0ecba850d_dp1,0,4,1779995688.313366,1779995688.321622,8.255958557128906
1,chatcmpl-ff3826a7-3c6c-4af4-ac80-a241e69ecf18-8d42007b,27a16766-d861-43d6-8a84-7ce0ecba850d_dp0,0,5,1779995688.3392198,1779995688.3395581,0.3383159637451172
0,chatcmpl-97da847a-20b8-454b-b394-2c9d5ce34342-b41983ca,27a16766-d861-43d6-8a84-7ce0ecba850d_dp0,0,41,1779995688.478657,1779995688.4904785,11.821508407592773
1,chatcmpl-2b8b6efc-c657-4d3f-adf7-f9b5375ced69-9a13b0fb,27a16766-d861-43d6-8a84-7ce0ecba850d_dp0,0,3,1779995688.4935603,1779995688.4939454,0.38504600524902344
1,chatcmpl-d4e0ef7c-2493-4e2f-a318-782d46103c65-b58908ec,27a16766-d861-43d6-8a84-7ce0ecba850d_dp1,0,2,1779995688.5226161,1779995688.5230548,0.438690185546875
0,chatcmpl-2fc188e8-6393-47d1-9e40-5170b055e701-a7a6fbff,27a16766-d861-43d6-8a84-7ce0ecba850d_dp0,0,24,1779995688.5480907,1779995688.5598795,11.78884506225586
1,chatcmpl-a3733b37-bf50-474f-bbcf-63ac952ae1f8-860b3589,27a16766-d861-43d6-8a84-7ce0ecba850d_dp1,0,2,1779995688.5522563,1779995688.5527067,0.45037269592285156
0,chatcmpl-6ef8a5d6-c43f-4e17-b689-3c790f04f046-ba2cae70,27a16766-d861-43d6-8a84-7ce0ecba850d_dp0,0,32,1779995688.5840206,1779995688.5993426,15.321969985961914
1,chatcmpl-04ec2354-7c7c-45c3-8770-8277092ce2ef-9fa19446,27a16766-d861-43d6-8a84-7ce0ecba850d_dp0,0,11,1779995688.5935721,1779995688.5993369,5.76472282409668
1,chatcmpl-e38cff34-2b7c-47e3-be79-92a409f27a37-bb9727e2,27a16766-d861-43d6-8a84-7ce0ecba850d_dp1,0,1,1779995688.609156,1779995688.6095374,0.3814697265625
0,chatcmpl-8610c8d0-2a91-42c0-9faf-3835ece9efc2-8db494fc,27a16766-d861-43d6-8a84-7ce0ecba850d_dp0,0,31,1779995688.6555364,1779995688.6671739,11.637449264526367
0,chatcmpl-7adfe5eb-bec0-40e9-94a6-80c9252b3720-abda185f,27a16766-d861-43d6-8a84-7ce0ecba850d_dp0,0,39,1779995688.7706778,1779995688.7984242,27.74643898010254
1,chatcmpl-37d2a99d-99cf-4ab6-92a1-14b0285d41c5-adaed24a,27a16766-d861-43d6-8a84-7ce0ecba850d_dp1,0,2,1779995688.7749891,1779995688.7753806,0.3914833068847656
0,chatcmpl-76e10e36-59e6-4834-b20b-593a26f4f23a-a63a2217,27a16766-d861-43d6-8a84-7ce0ecba850d_dp0,0,23,1779995688.7980216,1779995688.8116417,13.620138168334961
1,chatcmpl-8d6421e0-cb57-4b2b-95d3-1e74ffc049ef-8fcac3fd,27a16766-d861-43d6-8a84-7ce0ecba850d_dp1,0,2,1779995688.8125868,1779995688.813092,0.5052089691162109
1,chatcmpl-5773fb95-38fc-4734-8928-9705a78cad79-86c537b4,27a16766-d861-43d6-8a84-7ce0ecba850d_dp0,0,3,1779995688.8227143,1779995688.8231633,0.4489421844482422
0,chatcmpl-276745ba-e7e2-450f-8b61-f2c597b3d8c4-b7b0ca8d,27a16766-d861-43d6-8a84-7ce0ecba850d_dp1,0,12,1779995688.8454847,1779995688.8521607,6.675958633422852
1,chatcmpl-df6d017c-66d7-4062-ad71-60fc45c2b1e0-b1d0ed0d,27a16766-d861-43d6-8a84-7ce0ecba850d_dp0,0,1,1779995688.956236,1779995688.9566169,0.3809928894042969
0,chatcmpl-0c082876-0e35-4e37-955e-ff31cc6fe3a5-851b310c,27a16766-d861-43d6-8a84-7ce0ecba850d_dp1,0,27,1779995689.0237372,1779995689.0387492,15.012025833129883
1,chatcmpl-31bf2aba-8d12-4d3a-8f7d-d79833968cf9-9bed7eed,27a16766-d861-43d6-8a84-7ce0ecba850d_dp0,0,1,1779995689.0494645,1779995689.049864,0.39958953857421875
0,chatcmpl-d63a0cfa-7376-400e-b243-27d209050641-b81127ac,27a16766-d861-43d6-8a84-7ce0ecba850d_dp1,0,27,1779995689.1095057,1779995689.1230588,13.553142547607422
0,chatcmpl-d71490d7-ec8d-40bf-92bd-1d4fc1eaf735-990ea797,27a16766-d861-43d6-8a84-7ce0ecba850d_dp0,0,2,1779995689.1355815,1779995689.1359768,0.3952980041503906
1,chatcmpl-fde99ec5-2b48-4959-9e32-1d8a34edbd02-b39368cd,27a16766-d861-43d6-8a84-7ce0ecba850d_dp0,0,23,1779995689.171028,1779995689.1881819,17.15397834777832
0,chatcmpl-c4637b35-b742-4ac4-8fdd-8b0611cacd83-89a4b0d6,27a16766-d861-43d6-8a84-7ce0ecba850d_dp1,0,5,1779995689.182275,1779995689.1826758,0.40078163146972656
1,chatcmpl-ab6ac9a1-e1aa-4211-b095-f8dda5f877ed-895dab99,27a16766-d861-43d6-8a84-7ce0ecba850d_dp0,0,2,1779995689.1877456,1779995689.188195,0.4494190216064453
0,chatcmpl-fc1e608e-33af-4122-9dd9-f80f3de84323-9d8b2100,27a16766-d861-43d6-8a84-7ce0ecba850d_dp0,0,1,1779995689.372819,1779995689.373214,0.39505958557128906
1,chatcmpl-52fcdf92-dfd0-4ee9-8b76-915355bfae95-be7fc6a2,27a16766-d861-43d6-8a84-7ce0ecba850d_dp1,0,3,1779995689.4073253,1779995689.4077172,0.39196014404296875
0,chatcmpl-ea8097cf-4ecc-4ebd-b3f8-06f46bea5d1c-afd57595,27a16766-d861-43d6-8a84-7ce0ecba850d_dp0,0,47,1779995689.5073051,1779995689.5304186,23.113489151000977
0,chatcmpl-e6538c10-dd89-442e-907d-679e44bf997f-aba169b7,27a16766-d861-43d6-8a84-7ce0ecba850d_dp1,0,18,1779995689.578195,1779995689.5844681,6.273031234741211
1,chatcmpl-211f00c1-a887-42b7-947b-3e2a56dcc9dd-81c755ef,27a16766-d861-43d6-8a84-7ce0ecba850d_dp0,0,42,1779995689.6502829,1779995689.6637318,13.448953628540039
1,chatcmpl-f0cad134-cca1-4f88-aeb6-b665bc68aaab-83f6a232,27a16766-d861-43d6-8a84-7ce0ecba850d_dp1,0,58,1779995689.7186937,1779995689.740776,22.08232879638672
0,chatcmpl-92e8c6d2-3a81-4727-a819-e9ee971a3756-bf91854f,27a16766-d861-43d6-8a84-7ce0ecba850d_dp0,0,4,1779995689.7388146,1779995689.7392354,0.4208087921142578
1,chatcmpl-f1cbacc4-118e-49cb-b65c-607ed1e018c5-b48f242e,27a16766-d861-43d6-8a84-7ce0ecba850d_dp0,0,27,1779995689.740276,1779995689.7544277,14.151573181152344
1,chatcmpl-20ed540c-3a93-4544-9753-4b21d5a3e860-b41c93e1,27a16766-d861-43d6-8a84-7ce0ecba850d_dp1,0,18,1779995689.8048332,1779995689.8183982,13.5650634765625
0,chatcmpl-44d29024-ab13-404c-8245-681f03b8cb5a-a078c0f7,27a16766-d861-43d6-8a84-7ce0ecba850d_dp0,0,3,1779995689.8209589,1779995689.8213573,0.39839744567871094
1,chatcmpl-0782a233-43d8-485a-8a21-78fe97649126-bf91ada2,27a16766-d861-43d6-8a84-7ce0ecba850d_dp1,0,4,1779995689.832715,1779995689.8331025,0.38743019104003906
0,chatcmpl-665d8540-7e8f-4698-8ef5-7e517e18e6bd-8603a4fe,27a16766-d861-43d6-8a84-7ce0ecba850d_dp0,0,8,1779995689.850342,1779995689.863791,13.448953628540039
1,chatcmpl-9649d87a-5608-4e31-930a-aa30b1aba6fc-a85e31ab,27a16766-d861-43d6-8a84-7ce0ecba850d_dp1,0,2,1779995689.9431255,1779995689.9435575,0.43201446533203125
1,chatcmpl-656a7ca5-42a9-4d20-96d5-6475293e0062-afb49bd1,27a16766-d861-43d6-8a84-7ce0ecba850d_dp0,0,2,1779995689.9993918,1779995689.999808,0.4162788391113281
0,chatcmpl-37ca8d3a-3e16-4071-83f1-116ea1c8ceee-b6c08a97,27a16766-d861-43d6-8a84-7ce0ecba850d_dp1,0,3,1779995690.0559402,1779995690.0638807,7.940530776977539
1,chatcmpl-da2c8e7f-aa5f-4655-8383-aff10247ab42-968b13f2,27a16766-d861-43d6-8a84-7ce0ecba850d_dp0,0,3,1779995690.0673642,1779995690.0677989,0.43463706970214844
0,chatcmpl-de20c890-b068-46bc-b099-15e692ea9b23-8fdd47d1,27a16766-d861-43d6-8a84-7ce0ecba850d_dp1,0,20,1779995690.091302,1779995690.0973704,6.06846809387207
1,chatcmpl-bdccdb91-1f32-467e-a5a5-6a61085d5ed0-a9328818,27a16766-d861-43d6-8a84-7ce0ecba850d_dp0,0,34,1779995690.1839416,1779995690.1971464,13.204813003540039
1,chatcmpl-bba39c6b-f1e0-4856-b4e8-4061b205e385-8dc851aa,27a16766-d861-43d6-8a84-7ce0ecba850d_dp0,0,9,1779995690.2277339,1779995690.2280862,0.3523826599121094
0,chatcmpl-5195c3b6-4872-418b-aabf-def632dd76eb-a5f4830e,27a16766-d861-43d6-8a84-7ce0ecba850d_dp1,0,35,1779995690.3581562,1779995690.3723676,14.211416244506836
0,chatcmpl-50211082-c366-4918-bc16-31496be4b32f-9cb8b8a7,27a16766-d861-43d6-8a84-7ce0ecba850d_dp0,0,23,1779995690.5009592,1779995690.5145547,13.5955810546875
1,chatcmpl-a6f49b04-2d2c-4f3c-b4d7-4d7d20e74967-8934019c,27a16766-d861-43d6-8a84-7ce0ecba850d_dp1,0,3,1779995690.5067227,1779995690.5071228,0.4000663757324219
0,chatcmpl-063e21e9-a068-42f1-8462-b5f89f681fc2-b5311151,27a16766-d861-43d6-8a84-7ce0ecba850d_dp0,0,31,1779995690.5315645,1779995690.5472684,15.703916549682617
1,chatcmpl-5cd2ec81-f072-47ce-8613-a5276432792d-a189da57,27a16766-d861-43d6-8a84-7ce0ecba850d_dp1,0,2,1779995690.5388126,1779995690.5392256,0.41294097900390625
0,chatcmpl-76c51848-ab5b-4a34-aa66-daeb74ad6d40-b2c3c564,27a16766-d861-43d6-8a84-7ce0ecba850d_dp1,0,20,1779995690.5966265,1779995690.6043596,7.73310661315918
1,chatcmpl-0d702b7f-1888-427d-91f6-d57e36c4ce95-9f35d0c9,27a16766-d861-43d6-8a84-7ce0ecba850d_dp0,0,3,1779995690.6321993,1779995690.6326084,0.40912628173828125
0,chatcmpl-159a1727-368f-412d-9bb8-324b28201215-a32d35e4,27a16766-d861-43d6-8a84-7ce0ecba850d_dp1,0,3,1779995690.6655874,1779995690.6658554,0.26798248291015625
1,chatcmpl-7a1dcd3a-5549-42b2-9761-74072c0921ab-8f792e3f,27a16766-d861-43d6-8a84-7ce0ecba850d_dp1,0,1,1779995690.7461972,1779995690.746622,0.4248619079589844
0,chatcmpl-c2688fea-b5a7-4ad1-8611-b9de54917eb7-a43b5db9,27a16766-d861-43d6-8a84-7ce0ecba850d_dp0,0,49,1779995690.7646232,1779995690.7787623,14.139175415039062
1,chatcmpl-ad05a1c0-3e9c-4a62-8306-d412059afdab-9bc07eb3,27a16766-d861-43d6-8a84-7ce0ecba850d_dp0,0,49,1779995690.9223866,1779995690.936589,14.202356338500977
0,chatcmpl-4f482f00-0fbd-4236-b35b-04c5884268ba-851dabd1,27a16766-d861-43d6-8a84-7ce0ecba850d_dp1,0,2,1779995690.9507704,1779995690.9511757,0.40531158447265625
1,chatcmpl-f96d8b1e-3ec7-4d75-aee9-b0b8d27a9b33-a793fb32,27a16766-d861-43d6-8a84-7ce0ecba850d_dp0,0,5,1779995690.965579,1779995690.9725487,6.969690322875977
0,chatcmpl-8812cb09-c1a4-4059-a502-732e1664db14-9314517c,27a16766-d861-43d6-8a84-7ce0ecba850d_dp1,0,17,1779995691.0123146,1779995691.0190287,6.714105606079102
1,chatcmpl-fbc54bb8-b062-4903-aa2b-333ca03b49fc-8b2a5aed,27a16766-d861-43d6-8a84-7ce0ecba850d_dp0,0,26,1779995691.1198266,1779995691.1363232,16.496658325195312
0,chatcmpl-a99ed2a2-57d5-48c4-a2d7-cd095fbae6f9-8c6be77a,27a16766-d861-43d6-8a84-7ce0ecba850d_dp1,0,24,1779995691.1443446,1779995691.1599383,15.593767166137695
1,chatcmpl-c662f8e5-85ad-4b3e-9f93-52b7292c80b5-a66a5131,27a16766-d861-43d6-8a84-7ce0ecba850d_dp0,0,2,1779995691.1495945,1779995691.1499727,0.3781318664550781
0,chatcmpl-fbaf3a92-dc1f-4cd0-86f8-c8fa1738bddb-ba880b47,27a16766-d861-43d6-8a84-7ce0ecba850d_dp1,0,38,1779995691.2156594,1779995691.2307887,15.129327774047852
1,chatcmpl-c14b76f7-0697-4d8c-bd93-47e707f7154d-bd7f0c0e,27a16766-d861-43d6-8a84-7ce0ecba850d_dp0,0,11,1779995691.2228386,1779995691.23075,7.911443710327148
0,chatcmpl-d835e864-de8c-4612-8856-4224a900df12-b8f27c65,27a16766-d861-43d6-8a84-7ce0ecba850d_dp1,0,63,1779995691.3113825,1779995691.3256366,14.254093170166016
0,chatcmpl-113b3526-710a-46f1-bc25-d659c01b06de-8855d59d,27a16766-d861-43d6-8a84-7ce0ecba850d_dp1,0,2,1779995691.315452,1779995691.3256736,10.221481323242188
1,chatcmpl-0e174e0c-a044-4c1e-9d17-a86d7f330d1e-8644f39f,27a16766-d861-43d6-8a84-7ce0ecba850d_dp0,0,38,1779995691.369683,1779995691.3842678,14.584779739379883
0,chatcmpl-40e354d9-dcf2-44cb-96a7-62e5937a679b-aa7688f7,27a16766-d861-43d6-8a84-7ce0ecba850d_dp1,0,26,1779995691.3907099,1779995691.4080262,17.316341400146484
1,chatcmpl-3e038eab-0461-40e6-a296-54fcac6d8c36-a408d57c,27a16766-d861-43d6-8a84-7ce0ecba850d_dp0,0,38,1779995691.4532886,1779995691.4678833,14.594793319702148
0,chatcmpl-b7fb7103-0dd2-42c7-8cf8-86d1a92ddc4e-9ff8f3a5,27a16766-d861-43d6-8a84-7ce0ecba850d_dp0,0,3,1779995691.4853885,1779995691.4857643,0.3757476806640625
1,chatcmpl-93abff3c-9893-4ddb-9398-768a52fc2a32-aa3076fe,27a16766-d861-43d6-8a84-7ce0ecba850d_dp0,0,22,1779995691.4867308,1779995691.494338,7.607221603393555
1,chatcmpl-9a367113-be9a-4708-a2a6-0aa53ee28033-8c930006,27a16766-d861-43d6-8a84-7ce0ecba850d_dp0,0,2,1779995691.4938977,1779995691.494346,0.4482269287109375
0,chatcmpl-00fd6408-8deb-4bdd-a667-fbeb0e4bd83a-a0d2d0d6,27a16766-d861-43d6-8a84-7ce0ecba850d_dp1,0,15,1779995691.4981215,1779995691.516244,18.122434616088867
0,chatcmpl-fb164d49-df56-48e3-a146-192d9e30d87a-a483656a,27a16766-d861-43d6-8a84-7ce0ecba850d_dp1,0,20,1779995691.5330355,1779995691.540274,7.2383880615234375
0,chatcmpl-eb06e1f5-80c9-4e62-84cf-0bd0b197455a-99a8111d,27a16766-d861-43d6-8a84-7ce0ecba850d_dp0,0,44,1779995691.755331,1779995691.7697587,14.427661895751953
1,chatcmpl-2d57f27b-f215-494c-b5ec-c6100fc0a59b-bb436e3b,27a16766-d861-43d6-8a84-7ce0ecba850d_dp1,0,32,1779995691.7786927,1779995691.7941318,15.439033508300781
1,chatcmpl-328e3d8a-e985-4e77-883d-ad3d53031734-9828fcfc,27a16766-d861-43d6-8a84-7ce0ecba850d_dp0,0,40,1779995691.8385494,1779995691.8542926,15.743255615234375
0,chatcmpl-1f8716a6-e4b1-49a2-bfab-e0b9a76e6e9b-b69d12b7,27a16766-d861-43d6-8a84-7ce0ecba850d_dp1,0,52,1779995691.904913,1779995691.9193282,14.415264129638672
0,chatcmpl-2acbd67a-4fe4-4521-8c94-6d08596b0de0-8ea36c29,27a16766-d861-43d6-8a84-7ce0ecba850d_dp0,0,1,1779995691.9555593,1779995691.9558814,0.32210350036621094
1,chatcmpl-78da89c2-281a-4d1e-829f-ce7db33d22a5-b1539364,27a16766-d861-43d6-8a84-7ce0ecba850d_dp0,0,53,1779995691.9732382,1779995691.9877033,14.465093612670898
0,chatcmpl-ebfd7c87-cc8b-4f1b-8a5a-585f4b765df8-821e8853,27a16766-d861-43d6-8a84-7ce0ecba850d_dp1,0,5,1779995692.028194,1779995692.0290413,0.8473396301269531
0,chatcmpl-ca8cee65-c988-4ff6-be9c-59a6837ef243-bb2c9a9d,27a16766-d861-43d6-8a84-7ce0ecba850d_dp1,0,19,1779995692.0394964,1779995692.049496,9.999513626098633
1,chatcmpl-d6e5b861-ea13-4244-aea3-9cc6af39b2b7-bfcb1554,27a16766-d861-43d6-8a84-7ce0ecba850d_dp1,0,23,1779995692.0436335,1779995692.054321,10.687589645385742
0,chatcmpl-95200b12-3f0e-4665-9e23-a0af1f391a29-a5fdabc8,27a16766-d861-43d6-8a84-7ce0ecba850d_dp0,0,2,1779995692.0491273,1779995692.0593514,10.224103927612305
1,chatcmpl-23de38e8-8762-46d6-b799-c886736739f8-a14fb769,27a16766-d861-43d6-8a84-7ce0ecba850d_dp0,0,21,1779995692.0537813,1779995692.0740786,20.29728889465332
1,chatcmpl-9624fced-c022-4684-b89c-17cac52e9354-b29567f5,27a16766-d861-43d6-8a84-7ce0ecba850d_dp0,0,2,1779995692.0736794,1779995692.0740871,0.4076957702636719
0,chatcmpl-49fdaa9e-9e2b-49f1-bbe3-37ea7121f8f8-8ebbb1fa,27a16766-d861-43d6-8a84-7ce0ecba850d_dp1,0,6,1779995692.0886912,1779995692.0892086,0.5173683166503906
0,chatcmpl-77e51284-f24c-4df8-981d-1272b37ec616-a533e0fb,27a16766-d861-43d6-8a84-7ce0ecba850d_dp0,0,10,1779995692.1434038,1779995692.1436284,0.22459030151367188
1,chatcmpl-8bfb101a-b6b9-480b-a4ec-17f977ccc5d4-a876f744,27a16766-d861-43d6-8a84-7ce0ecba850d_dp0,0,33,1779995692.2405438,1779995692.2503572,9.813308715820312
1,chatcmpl-2fb296fc-87be-4273-be59-6345201e96b6-b75a0a5e,27a16766-d861-43d6-8a84-7ce0ecba850d_dp1,0,3,1779995692.2498422,1779995692.2623186,12.476444244384766
0,chatcmpl-1f672008-676f-4e9c-bcae-cd9826ace466-ace5c981,27a16766-d861-43d6-8a84-7ce0ecba850d_dp1,0,18,1779995692.2604978,1779995692.2689424,8.444547653198242
1,chatcmpl-fa15467e-f030-401e-a7c9-39e64800b43b-8c486049,27a16766-d861-43d6-8a84-7ce0ecba850d_dp0,0,14,1779995692.2618494,1779995692.2691133,7.263898849487305
0,chatcmpl-b77862c8-d034-4978-aaef-a58fbefec032-9b38d75b,27a16766-d861-43d6-8a84-7ce0ecba850d_dp1,0,2,1779995692.29502,1779995692.2953367,0.316619873046875
1,chatcmpl-6f28128a-e432-42b2-80c6-123dcb234a3b-be17d8e9,27a16766-d861-43d6-8a84-7ce0ecba850d_dp0,0,2,1779995692.4182558,1779995692.4186418,0.3859996795654297
0,chatcmpl-37cbba3a-67f0-4ac4-8628-552a3ca735cf-a64b0c30,27a16766-d861-43d6-8a84-7ce0ecba850d_dp1,0,1,1779995692.453282,1779995692.453615,0.33283233642578125
1,chatcmpl-110f1f50-d23c-4b38-bdfe-a9342733f215-bc513e3a,27a16766-d861-43d6-8a84-7ce0ecba850d_dp1,0,8,1779995692.496935,1779995692.497333,0.3981590270996094
1,chatcmpl-e9d504b0-bbb2-482a-8765-83e515ba5fe6-ac820763,27a16766-d861-43d6-8a84-7ce0ecba850d_dp0,0,42,1779995692.659927,1779995692.6753325,15.405654907226562
0,chatcmpl-deaac1d3-7249-4fae-9b6b-1e47e38625cf-8e928eaa,27a16766-d861-43d6-8a84-7ce0ecba850d_dp1,0,2,1779995692.666137,1779995692.666655,0.5180835723876953
0,chatcmpl-d3bdd8fa-2e0a-4561-9747-7b844d077229-b0881777,27a16766-d861-43d6-8a84-7ce0ecba850d_dp0,0,9,1779995692.8918068,1779995692.8921473,0.34046173095703125
0,chatcmpl-998ce8d8-3e7e-42da-b6d4-68fa23a898b0-b03ec182,27a16766-d861-43d6-8a84-7ce0ecba850d_dp1,0,3,1779995692.998196,1779995693.0082855,10.089635848999023
1,chatcmpl-2c23df13-85fc-4dcb-8498-8c3c791fc2ff-9089b89f,27a16766-d861-43d6-8a84-7ce0ecba850d_dp0,0,9,1779995693.0411155,1779995693.0414958,0.3802776336669922
0,chatcmpl-d6bc7d87-c3e1-4eed-adec-3e459fd76dd5-98708df9,27a16766-d861-43d6-8a84-7ce0ecba850d_dp0,0,2,1779995693.0598524,1779995693.06027,0.4177093505859375
1,chatcmpl-f8cb5b13-94b3-43b6-8cd8-3b50db32c072-b2f9ff06,27a16766-d861-43d6-8a84-7ce0ecba850d_dp1,0,25,1779995693.1029584,1779995693.1194308,16.472339630126953
0,chatcmpl-26558050-fad8-4cce-8dcb-3aa2511d8f32-a8a71b14,27a16766-d861-43d6-8a84-7ce0ecba850d_dp0,0,18,1779995693.1106596,1779995693.1193626,8.702993392944336
0,chatcmpl-9f6bfc67-f4c7-426d-b13e-4d63a85b2635-b1e22671,27a16766-d861-43d6-8a84-7ce0ecba850d_dp1,0,10,1779995693.2403028,1779995693.243548,3.245115280151367
1,chatcmpl-1038985f-df8c-4ff0-8f1b-31f9f299bf78-ad927b13,27a16766-d861-43d6-8a84-7ce0ecba850d_dp0,0,5,1779995693.248487,1779995693.248883,0.3960132598876953
0,chatcmpl-2939ce1d-3fd9-49b5-95fe-9259dec1ed9a-8884b860,27a16766-d861-43d6-8a84-7ce0ecba850d_dp0,0,25,1779995693.2966952,1779995693.3171284,20.43318748474121
1,chatcmpl-1fd305bb-a12c-41f3-ae73-d551cb5c003c-adb5f2a0,27a16766-d861-43d6-8a84-7ce0ecba850d_dp1,0,24,1779995693.3500881,1779995693.366569,16.48092269897461
0,chatcmpl-4a737e8c-b944-4fa1-8ee5-52fb21f8bad3-b35f4fc7,27a16766-d861-43d6-8a84-7ce0ecba850d_dp0,0,2,1779995693.369309,1779995693.3696542,0.3452301025390625
1,chatcmpl-26b1b5a2-f979-43f2-a848-fad59464bb80-bc5d145c,27a16766-d861-43d6-8a84-7ce0ecba850d_dp1,0,15,1779995693.4344537,1779995693.4410834,6.629705429077148
0,chatcmpl-277e4f2c-c3fa-4997-9077-82da0c1911c7-a6aa00a2,27a16766-d861-43d6-8a84-7ce0ecba850d_dp0,0,18,1779995693.4691694,1779995693.4775681,8.398771286010742
1,chatcmpl-2c846444-d59a-4ce1-8811-988f7919dd86-8f7a9ad9,27a16766-d861-43d6-8a84-7ce0ecba850d_dp1,0,46,1779995693.612379,1779995693.6276033,15.224218368530273
1,chatcmpl-2e0a8afb-fc85-4082-867a-63bfb8cd0acd-bbcd7c6b,27a16766-d861-43d6-8a84-7ce0ecba850d_dp0,0,34,1779995693.7354558,1779995693.7511408,15.685081481933594
1,chatcmpl-d1e902b7-d740-4d86-87f3-0ebc3e42e09e-8e5b717d,27a16766-d861-43d6-8a84-7ce0ecba850d_dp1,0,1,1779995693.739341,1779995693.7511733,11.832237243652344
0,chatcmpl-06375f96-c70d-48ac-b7c5-02df515bf9f3-90650d12,27a16766-d861-43d6-8a84-7ce0ecba850d_dp1,0,1,1779995693.7395756,1779995693.7413778,1.802206039428711
0,chatcmpl-c5ff2c31-bb6f-4a58-88ae-cd0446ef06de-903fe977,27a16766-d861-43d6-8a84-7ce0ecba850d_dp0,0,1,1779995693.7513485,1779995693.763601,12.252569198608398
1,chatcmpl-75ec7b67-204e-4fb9-845c-f5a93f9add3e-83d65d5f,27a16766-d861-43d6-8a84-7ce0ecba850d_dp1,0,4,1779995693.7667847,1779995693.7671752,0.3905296325683594
0,chatcmpl-43521f09-e137-4e35-9923-bfcc88ad1c92-8c2d99cd,27a16766-d861-43d6-8a84-7ce0ecba850d_dp0,0,5,1779995693.7810538,1779995693.788453,7.399320602416992
0,chatcmpl-8197aced-2abd-47ca-9a78-e25d98e0363f-84d59d90,27a16766-d861-43d6-8a84-7ce0ecba850d_dp1,0,12,1779995693.890435,1779995693.899439,9.00411605834961
1,chatcmpl-62cf1438-4922-467a-b691-5063ba476d62-b060b364,27a16766-d861-43d6-8a84-7ce0ecba850d_dp0,0,22,1779995693.9936066,1779995694.0106418,17.035245895385742
1,chatcmpl-dae95471-a8be-41ec-9086-40bc588a653c-b48d2a60,27a16766-d861-43d6-8a84-7ce0ecba850d_dp1,0,2,1779995694.0251598,1779995694.0255384,0.37860870361328125
0,chatcmpl-4262c60d-d3dd-4962-810f-5737e2385c14-80f1f3c4,27a16766-d861-43d6-8a84-7ce0ecba850d_dp0,0,9,1779995694.0569477,1779995694.0746071,17.659425735473633
1,chatcmpl-3dca22de-4342-40cc-bf05-6c1d4d107f01-96e8d0fb,27a16766-d861-43d6-8a84-7ce0ecba850d_dp1,0,8,1779995694.0674167,1779995694.0678115,0.3948211669921875
0,chatcmpl-b5f48584-304a-4997-bbef-357cb72a1666-b6f67a90,27a16766-d861-43d6-8a84-7ce0ecba850d_dp0,0,2,1779995694.074238,1779995694.0851831,10.94508171081543
1,chatcmpl-c28c6cb7-437d-4a04-b2dc-4e0218860b0f-b9c59ee5,27a16766-d861-43d6-8a84-7ce0ecba850d_dp1,0,2,1779995694.0864708,1779995694.086835,0.36406517028808594
0,chatcmpl-7887f651-088f-403b-85b2-4f2f2f026cb5-acdccd23,27a16766-d861-43d6-8a84-7ce0ecba850d_dp0,0,53,1779995694.2542458,1779995694.2733822,19.136428833007812
1,chatcmpl-197c3c81-72d4-4d40-84f1-71700272bb5f-a6938e28,27a16766-d861-43d6-8a84-7ce0ecba850d_dp0,0,3,1779995694.27251,1779995694.2729034,0.3933906555175781
0,chatcmpl-2e08a736-2e20-47c0-9e0e-effd8182ab80-a420c28b,27a16766-d861-43d6-8a84-7ce0ecba850d_dp1,0,22,1779995694.273042,1779995694.292343,19.30093765258789
1,chatcmpl-45872d08-ecbd-4d5c-b3d0-d40928efaf9c-abcfa823,27a16766-d861-43d6-8a84-7ce0ecba850d_dp1,0,20,1779995694.2887192,1779995694.2953897,6.670475006103516
0,chatcmpl-ffa62dcc-183c-4ab9-8e6b-b0f2310c22d7-99b39284,27a16766-d861-43d6-8a84-7ce0ecba850d_dp0,0,9,1779995694.2920387,1779995694.295401,3.362417221069336
1,chatcmpl-a4cdf6cf-3bd9-4f20-86ee-77ecd1b67870-a9f09019,27a16766-d861-43d6-8a84-7ce0ecba850d_dp0,0,21,1779995694.315116,1779995694.331633,16.517162322998047
0,chatcmpl-ec122e18-d5db-4577-a911-6071b2b8dba2-a1a795cb,27a16766-d861-43d6-8a84-7ce0ecba850d_dp1,0,35,1779995694.4107437,1779995694.430014,19.27018165588379
1,chatcmpl-90f012a8-7a2f-47cf-9b6f-f37c363b631c-9421d202,27a16766-d861-43d6-8a84-7ce0ecba850d_dp0,0,8,1779995694.4500942,1779995694.450473,0.3788471221923828
0,chatcmpl-b2740de6-a34c-4fc4-a63f-084332cee82a-b8e44826,27a16766-d861-43d6-8a84-7ce0ecba850d_dp1,0,2,1779995694.6306705,1779995694.6406288,9.958267211914062
1,chatcmpl-7a2da69a-568c-49ee-9eee-c167303f78b6-bfa1a9fb,27a16766-d861-43d6-8a84-7ce0ecba850d_dp0,0,49,1779995694.726071,1779995694.7412949,15.223979949951172
0,chatcmpl-7e834501-a2d5-48f7-bbe2-889fec4d06b8-a6d8248c,27a16766-d861-43d6-8a84-7ce0ecba850d_dp1,0,3,1779995694.7451246,1779995694.7532349,8.110284805297852
1,chatcmpl-b777012c-822c-4a9d-9708-0efa5a7117af-86a2da47,27a16766-d861-43d6-8a84-7ce0ecba850d_dp1,0,3,1779995694.7687109,1779995694.769089,0.3781318664550781
0,chatcmpl-5759034c-c608-4ee4-b0d9-20cd356e45fa-931a0193,27a16766-d861-43d6-8a84-7ce0ecba850d_dp0,0,19,1779995694.7718098,1779995694.7782123,6.402492523193359
1,chatcmpl-4eea6ce8-ee97-49bc-9c3d-46ff37717ba2-bb03c978,27a16766-d861-43d6-8a84-7ce0ecba850d_dp0,0,2,1779995694.8043847,1779995694.8069136,2.5289058685302734
1,chatcmpl-0cab5879-3dbd-4b48-a149-7be93d695c99-90d82c87,27a16766-d861-43d6-8a84-7ce0ecba850d_dp1,0,3,1779995694.806546,1779995694.806924,0.3781318664550781
0,chatcmpl-3d652c51-9bb4-4eb2-a41a-419d7ad068b3-85ffb091,27a16766-d861-43d6-8a84-7ce0ecba850d_dp0,0,24,1779995694.9689803,1779995694.9755833,6.603002548217773
1,chatcmpl-06c326cc-e7a5-4100-a3aa-4c9a0c22e126-8240f601,27a16766-d861-43d6-8a84-7ce0ecba850d_dp1,0,49,1779995695.212951,1779995695.2280061,15.055179595947266
0,chatcmpl-2e146851-df48-4b73-b78b-7b3d7c072a63-8ec05143,27a16766-d861-43d6-8a84-7ce0ecba850d_dp0,0,17,1779995695.3321307,1779995695.3394504,7.31968879699707
1,chatcmpl-7ebf189e-3287-4762-a14a-cc6b88150f6e-bcfe4533,27a16766-d861-43d6-8a84-7ce0ecba850d_dp1,0,51,1779995695.427238,1779995695.442646,15.408039093017578
0,chatcmpl-7dcd9174-fba7-46ee-8a24-499a335c801a-90f2c8d7,27a16766-d861-43d6-8a84-7ce0ecba850d_dp0,0,13,1779995695.44749,1779995695.4546976,7.207632064819336
0,chatcmpl-c1f758e9-3fb2-4e4e-9428-67c766f7c28e-b4e3cb64,27a16766-d861-43d6-8a84-7ce0ecba850d_dp1,0,49,1779995695.6430697,1779995695.658409,15.339374542236328
1,chatcmpl-79b59c5b-1878-46fd-a128-720d0a076b01-9d4e03bb,27a16766-d861-43d6-8a84-7ce0ecba850d_dp0,0,1,1779995695.6708963,1779995695.6712952,0.39887428283691406
1,chatcmpl-08701b6c-0551-4525-b9f9-c8dc6b5160da-aeb9b00f,27a16766-d861-43d6-8a84-7ce0ecba850d_dp1,0,2,1779995695.7348502,1779995695.7352388,0.3886222839355469
0,chatcmpl-353f78c4-b710-4e14-844e-3c4230eb8955-8164e900,27a16766-d861-43d6-8a84-7ce0ecba850d_dp0,0,14,1779995695.8500986,1779995695.857947,7.848501205444336
0,chatcmpl-a8974acb-aeaa-42ed-a30a-d1ccff5e8435-b06b1b64,27a16766-d861-43d6-8a84-7ce0ecba850d_dp0,0,11,1779995695.8744462,1779995695.8829815,8.535385131835938
1,chatcmpl-e661eff7-dd6c-42e1-a023-3d95de1f6820-812ad248,27a16766-d861-43d6-8a84-7ce0ecba850d_dp1,0,15,1779995696.026275,1779995696.032861,6.5860748291015625
0,chatcmpl-8b1f15fa-0b8d-4362-b60a-71e6ade2719c-85da14e6,27a16766-d861-43d6-8a84-7ce0ecba850d_dp0,0,9,1779995696.0449443,1779995696.0453506,0.4062652587890625
1,chatcmpl-7a29c219-1aa2-4dec-a224-c2cdb775e1d6-915e8731,27a16766-d861-43d6-8a84-7ce0ecba850d_dp1,0,24,1779995696.065341,1779995696.0846226,19.281625747680664
0,chatcmpl-c4b40e98-79d2-4c32-8c7c-2919d6096a47-b724a2ea,27a16766-d861-43d6-8a84-7ce0ecba850d_dp1,0,17,1779995696.0770545,1779995696.0846548,7.600307464599609
0,chatcmpl-e301610b-0786-44a2-b4ba-ed2f15806b6b-9de36258,27a16766-d861-43d6-8a84-7ce0ecba850d_dp0,0,35,1779995696.1527336,1779995696.171344,18.610477447509766
1,chatcmpl-81dfa985-092e-4bcc-93ce-546de29eecdb-9c2cb3db,27a16766-d861-43d6-8a84-7ce0ecba850d_dp1,0,46,1779995696.2185369,1779995696.2334833,14.946460723876953
1,chatcmpl-65457a63-6ae6-4dfb-941a-86d7e882190f-aa2aa92f,27a16766-d861-43d6-8a84-7ce0ecba850d_dp0,0,49,1779995696.2831757,1779995696.3056972,22.521495819091797
0,chatcmpl-7f6bb175-22f5-4ea2-9ca5-3a9965e72cf8-b73a0d45,27a16766-d861-43d6-8a84-7ce0ecba850d_dp1,0,3,1779995696.3003232,1779995696.3007047,0.3814697265625
1,chatcmpl-6add55e8-57b6-49eb-ae2b-bd3548821a6c-855deaf9,27a16766-d861-43d6-8a84-7ce0ecba850d_dp1,0,6,1779995696.305306,1779995696.3057077,0.4017353057861328
0,chatcmpl-9f568aa5-7a76-4788-ba6e-3c12954b65ce-9413abb5,27a16766-d861-43d6-8a84-7ce0ecba850d_dp0,0,3,1779995696.3133738,1779995696.3232396,9.865760803222656
1,chatcmpl-17dcd771-97ab-48bc-9ce2-28e418b7274d-82236a5f,27a16766-d861-43d6-8a84-7ce0ecba850d_dp0,0,21,1779995696.3154464,1779995696.3232687,7.822275161743164
1,chatcmpl-0dbd8992-38a8-454f-9d15-21929e8f28bd-9183860d,27a16766-d861-43d6-8a84-7ce0ecba850d_dp1,0,2,1779995696.3993134,1779995696.3997018,0.3883838653564453
0,chatcmpl-7ba53fe6-89b3-4ac1-8e20-6e71fc290fe4-ab69227f,27a16766-d861-43d6-8a84-7ce0ecba850d_dp0,0,13,1779995696.464307,1779995696.472028,7.720947265625
1,chatcmpl-21c18f56-ce75-4c1c-9eb1-219321f87fc4-9277e441,27a16766-d861-43d6-8a84-7ce0ecba850d_dp1,0,18,1779995696.4783905,1779995696.4844205,6.030082702636719
0,chatcmpl-a345c4cf-2a32-4012-8f97-2661a1629220-b26fd2c8,27a16766-d861-43d6-8a84-7ce0ecba850d_dp0,0,18,1779995696.5019002,1779995696.5097835,7.883310317993164
1,chatcmpl-4cbd980a-639a-4bab-9f76-097b19a356e2-b7332418,27a16766-d861-43d6-8a84-7ce0ecba850d_dp1,0,28,1779995696.526685,1779995696.546474,19.78898048400879
1,chatcmpl-7cedd4a0-eee3-4037-9bb4-8dc9851e49fa-a8e7b7c5,27a16766-d861-43d6-8a84-7ce0ecba850d_dp0,0,49,1779995696.6109667,1779995696.625969,15.002250671386719
0,chatcmpl-7d95b929-adaa-4715-8a55-8324f581456f-91ba13f5,27a16766-d861-43d6-8a84-7ce0ecba850d_dp0,0,42,1779995696.8936582,1779995696.91331,19.65188980102539
1,chatcmpl-f72ad792-d836-4aea-8f6f-577a6a208279-aa8b6ab6,27a16766-d861-43d6-8a84-7ce0ecba850d_dp1,0,2,1779995696.9021435,1779995696.9025724,0.42891502380371094
0,chatcmpl-b5150a5b-132c-44e5-866d-5c2f22261eec-b5b4fa00,27a16766-d861-43d6-8a84-7ce0ecba850d_dp1,0,2,1779995696.9129126,1779995696.9133174,0.4048347473144531
0,chatcmpl-d2bb4d37-687b-41d1-99f3-47e9632e6a4c-99f3e90a,27a16766-d861-43d6-8a84-7ce0ecba850d_dp0,0,21,1779995696.9295602,1779995696.937405,7.8449249267578125
1,chatcmpl-e40451bc-b645-44d3-bcc5-ac02d8851cae-886b517b,27a16766-d861-43d6-8a84-7ce0ecba850d_dp1,0,5,1779995696.9903564,1779995696.9907722,0.415802001953125
1,chatcmpl-af1448b8-f38f-487c-92d1-410de7c96f53-b30fe122,27a16766-d861-43d6-8a84-7ce0ecba850d_dp0,0,19,1779995697.0683439,1779995697.0857527,17.40884780883789
0,chatcmpl-515b52f7-f4f9-451b-9dad-6a5e1c6771d6-9b90f337,27a16766-d861-43d6-8a84-7ce0ecba850d_dp1,0,4,1779995697.152283,1779995697.1525726,0.28967857360839844
0,chatcmpl-73f9fd22-3bb2-4964-8b47-3b78110d7c92-b18bdff8,27a16766-d861-43d6-8a84-7ce0ecba850d_dp0,0,26,1779995697.2400866,1779995697.260221,20.134449005126953
1,chatcmpl-932b39ab-b76e-4e4c-8f62-ea9bd89a91a1-abfb88b4,27a16766-d861-43d6-8a84-7ce0ecba850d_dp1,0,23,1779995697.2402775,1779995697.2477667,7.489204406738281
1,chatcmpl-e3c4b9d4-12d7-4e4d-9f79-38d0b4c38cbd-8ba7c30a,27a16766-d861-43d6-8a84-7ce0ecba850d_dp0,0,2,1779995697.273949,1779995697.274437,0.48804283142089844
0,chatcmpl-25dd50e4-a0da-4a27-b54a-ca9e98e86d80-8916d131,27a16766-d861-43d6-8a84-7ce0ecba850d_dp0,0,1,1779995697.3223028,1779995697.3225877,0.2849102020263672
1,chatcmpl-68ba8755-7e6f-4890-91a3-ff1b703e3354-9b3c3c31,27a16766-d861-43d6-8a84-7ce0ecba850d_dp0,0,21,1779995697.366388,1779995697.383985,17.596960067749023
0,chatcmpl-f7830865-a8ed-4777-9c31-664ae397eaaf-b4378859,27a16766-d861-43d6-8a84-7ce0ecba850d_dp1,0,12,1779995697.3749475,1779995697.3838568,8.909225463867188
1,chatcmpl-c231475d-899b-49f2-81ff-62e762bcdffb-991d69c7,27a16766-d861-43d6-8a84-7ce0ecba850d_dp0,0,2,1779995697.5216289,1779995697.522068,0.4391670227050781
0,chatcmpl-90638a40-f82b-4dd3-8fb4-9137dd4a6745-bb8662ac,27a16766-d861-43d6-8a84-7ce0ecba850d_dp1,0,39,1779995697.5370476,1779995697.5587802,21.732568740844727
1,chatcmpl-8cbc52b1-0980-494d-abce-a5bb5e4d074e-a57814f5,27a16766-d861-43d6-8a84-7ce0ecba850d_dp0,0,1,1779995697.5447574,1779995697.5451784,0.4210472106933594
0,chatcmpl-040d1122-2ae4-4362-98cf-0a5be02b0a3d-b63cb13f,27a16766-d861-43d6-8a84-7ce0ecba850d_dp0,0,2,1779995697.5584822,1779995697.5587943,0.3120899200439453
1,chatcmpl-f735aaf7-867f-4c19-9d6e-1d4f7385a86e-98578eb8,27a16766-d861-43d6-8a84-7ce0ecba850d_dp1,0,3,1779995697.6347272,1779995697.6352046,0.4773139953613281
0,chatcmpl-d8d347dd-9ce5-488b-8cd5-1b86c993f765-bacd31ac,27a16766-d861-43d6-8a84-7ce0ecba850d_dp0,0,20,1779995697.6607451,1779995697.6690176,8.272409439086914
1,chatcmpl-87dd33f8-97ac-459c-9888-ee8a804f24b4-83547ddc,27a16766-d861-43d6-8a84-7ce0ecba850d_dp1,0,12,1779995697.6728346,1779995697.6817334,8.898735046386719
0,chatcmpl-379bf80c-6fd1-4c65-bd2f-063697f77e90-a16baac0,27a16766-d861-43d6-8a84-7ce0ecba850d_dp0,0,24,1779995697.6983495,1779995697.7185128,20.163297653198242
1,chatcmpl-26ecbf79-0b7f-419b-8d9e-f9a8b57114e7-bd3b5fcd,27a16766-d861-43d6-8a84-7ce0ecba850d_dp1,0,39,1779995697.7520518,1779995697.7700272,17.975330352783203
0,chatcmpl-d194950b-a41b-439d-b870-3e2c76992d60-86047a4b,27a16766-d861-43d6-8a84-7ce0ecba850d_dp0,0,1,1779995697.757056,1779995697.7573345,0.278472900390625
1,chatcmpl-782c0dad-a7f4-45f5-84ac-f489a8f1340d-ab526b9b,27a16766-d861-43d6-8a84-7ce0ecba850d_dp1,0,1,1779995697.7696075,1779995697.7700415,0.43392181396484375
0,chatcmpl-fbc39087-9a41-4092-b13c-faa98eb48b99-9e406c08,27a16766-d861-43d6-8a84-7ce0ecba850d_dp0,0,7,1779995697.8893626,1779995697.88965,0.2875328063964844
0,chatcmpl-5121d661-3886-4eee-8ee6-cc21fae36716-af0c28c8,27a16766-d861-43d6-8a84-7ce0ecba850d_dp0,0,2,1779995697.920799,1779995697.9210703,0.2713203430175781
1,chatcmpl-c2fb0dbc-1f1a-43df-934e-f6027bd126dd-956615b2,27a16766-d861-43d6-8a84-7ce0ecba850d_dp1,0,2,1779995697.958387,1779995697.9588094,0.42247772216796875
0,chatcmpl-570ccfb1-4f61-4611-a22d-4d2ceae8a1d3-b97ee8b3,27a16766-d861-43d6-8a84-7ce0ecba850d_dp0,0,16,1779995698.0214217,1779995698.0303688,8.947134017944336
1,chatcmpl-3665a52b-9309-4ae9-9cb7-63412203720d-a61d0c9c,27a16766-d861-43d6-8a84-7ce0ecba850d_dp1,0,4,1779995698.0467355,1779995698.0471554,0.41985511779785156
0,chatcmpl-955dc17a-6656-44c1-bb3b-ba6eae1e72e3-8e801de5,27a16766-d861-43d6-8a84-7ce0ecba850d_dp0,0,38,1779995698.1097581,1779995698.1297405,19.982337951660156
1,chatcmpl-4ec6bc54-528f-4f43-a5c9-f17892f1bb6f-9da0be1a,27a16766-d861-43d6-8a84-7ce0ecba850d_dp1,0,2,1779995698.1193159,1779995698.119716,0.4000663757324219
0,chatcmpl-f6998a1e-f60a-4837-a2e8-46ef59312be5-b93db351,27a16766-d861-43d6-8a84-7ce0ecba850d_dp0,0,35,1779995698.1837919,1779995698.203776,19.984006881713867
1,chatcmpl-894eacd4-7257-4c3c-b881-7c376bf8880c-b22afe68,27a16766-d861-43d6-8a84-7ce0ecba850d_dp1,0,2,1779995698.1935017,1779995698.1938927,0.3910064697265625
1,chatcmpl-fe867ea0-0fcc-4d3b-a183-26f7bff123cc-b650067d,27a16766-d861-43d6-8a84-7ce0ecba850d_dp1,0,10,1779995698.2151368,1779995698.2154737,0.3368854522705078
0,chatcmpl-bc18f331-b316-4973-a70a-b0d466282e0b-8f555cdf,27a16766-d861-43d6-8a84-7ce0ecba850d_dp0,0,3,1779995698.2437794,1779995698.2440605,0.2810955047607422
0,chatcmpl-34e42717-5481-4cc9-a437-f6a84a0e1e51-b6769ffc,27a16766-d861-43d6-8a84-7ce0ecba850d_dp1,0,17,1779995698.3076048,1779995698.3169248,9.32002067565918
1,chatcmpl-fc3f6b07-70ed-47aa-96da-0aad3b97caca-bb9aa625,27a16766-d861-43d6-8a84-7ce0ecba850d_dp0,0,2,1779995698.3318813,1779995698.332294,0.4127025604248047
0,chatcmpl-334e8f89-76b7-4a91-87c9-8b1dd54acff5-9f5e6d0a,27a16766-d861-43d6-8a84-7ce0ecba850d_dp1,0,3,1779995698.4299831,1779995698.4302762,0.2930164337158203
1,chatcmpl-8dd067a5-4b9c-4fdc-8f64-761a5e7c3da9-9f0a4e86,27a16766-d861-43d6-8a84-7ce0ecba850d_dp0,0,8,1779995698.4477246,1779995698.4481194,0.3948211669921875
0,chatcmpl-c2497740-64bb-453b-a9c2-040a7f36afa3-b298e0da,27a16766-d861-43d6-8a84-7ce0ecba850d_dp1,0,20,1779995698.4560223,1779995698.4640806,8.058309555053711
1,chatcmpl-94b83baf-a2ed-48c3-8edf-06d60d6f7263-80832a1f,27a16766-d861-43d6-8a84-7ce0ecba850d_dp0,0,8,1779995698.4723482,1779995698.4727743,0.4260540008544922
1,chatcmpl-df90e833-5646-44fd-9164-f513966e1bf9-918e419e,27a16766-d861-43d6-8a84-7ce0ecba850d_dp1,0,2,1779995698.516141,1779995698.5165184,0.37741661071777344
0,chatcmpl-c3a1d730-58e8-47f5-9d4b-b1be8c577140-b090e768,27a16766-d861-43d6-8a84-7ce0ecba850d_dp0,0,7,1779995698.5427864,1779995698.5430658,0.27942657470703125
1,chatcmpl-eda19926-b566-4bd6-a8dc-092cb330596d-9c2df64d,27a16766-d861-43d6-8a84-7ce0ecba850d_dp1,0,2,1779995698.5648344,1779995698.5652337,0.3993511199951172
0,chatcmpl-acd853ec-a24b-4b32-883b-0b0ab5b33938-a17a7d38,27a16766-d861-43d6-8a84-7ce0ecba850d_dp0,0,17,1779995698.5787199,1779995698.5874124,8.692502975463867
0,chatcmpl-0e4db0b2-43d2-4ec3-9bc5-a654f4fb3bf5-b796d0d9,27a16766-d861-43d6-8a84-7ce0ecba850d_dp0,0,5,1779995698.6166093,1779995698.616901,0.29158592224121094
1,chatcmpl-20cfb0c8-04b8-4346-82a2-a50634fd4d59-9be4f36a,27a16766-d861-43d6-8a84-7ce0ecba850d_dp1,0,2,1779995698.7748442,1779995698.775227,0.3829002380371094
1,chatcmpl-e3ff8b0f-cb6b-4230-957e-1ed8a4c162a5-99217147,27a16766-d861-43d6-8a84-7ce0ecba850d_dp0,0,30,1779995698.8181608,1779995698.8349063,16.745567321777344
0,chatcmpl-4713de4c-ed13-420a-95fa-8a16d4efaf25-9697895b,27a16766-d861-43d6-8a84-7ce0ecba850d_dp1,0,32,1779995698.852031,1779995698.871923,19.891977310180664
1,chatcmpl-83a628f4-8898-4b89-a8ed-3f289355cf2a-baae8e7a,27a16766-d861-43d6-8a84-7ce0ecba850d_dp0,0,16,1779995698.9381678,1779995698.9463372,8.169412612915039
1,chatcmpl-66d2b5a3-5a66-4808-9a05-88c16453d0bc-8447b1cb,27a16766-d861-43d6-8a84-7ce0ecba850d_dp0,0,53,1779995699.1598475,1779995699.1751301,15.282630920410156
0,chatcmpl-6972fa6d-1238-4574-b406-dfe9b3ba428c-ad4d3714,27a16766-d861-43d6-8a84-7ce0ecba850d_dp1,0,3,1779995699.1663058,1779995699.1666589,0.35309791564941406
0,chatcmpl-3e1a52a3-436b-498c-a200-63496722cb95-8cf86171,27a16766-d861-43d6-8a84-7ce0ecba850d_dp0,0,48,1779995699.2675664,1779995699.282771,15.204668045043945
0,chatcmpl-f1f56617-f07c-4230-9ede-46c39f656161-844ef876,27a16766-d861-43d6-8a84-7ce0ecba850d_dp1,0,24,1779995699.3605356,1779995699.3813086,20.772933959960938
1,chatcmpl-679b155c-5334-45d8-a8b3-ef9cec6cb18e-bbeb77ec,27a16766-d861-43d6-8a84-7ce0ecba850d_dp0,0,1,1779995699.4069085,1779995699.4072864,0.37789344787597656
0,chatcmpl-ccdb61f3-e9fc-44d5-9d3a-c8a4a0632977-9bb58610,27a16766-d861-43d6-8a84-7ce0ecba850d_dp1,0,64,1779995699.615922,1779995699.62842,12.498140335083008
0,chatcmpl-6d57fa07-8dab-4349-a01f-e0b160f8690e-9efb05ee,27a16766-d861-43d6-8a84-7ce0ecba850d_dp0,0,5,1779995699.6281395,1779995699.6311212,2.9816627502441406
0,chatcmpl-cfea4d05-693b-4f23-af4c-874d4abf7b1e-b6812fc1,27a16766-d861-43d6-8a84-7ce0ecba850d_dp0,0,3,1779995699.6578367,1779995699.6678727,10.035991668701172
1,chatcmpl-4395dab6-4969-4d96-8ca3-ba1d25624eab-8cbec9dd,27a16766-d861-43d6-8a84-7ce0ecba850d_dp0,0,36,1779995700.0319896,1779995700.0485063,16.516685485839844
1,chatcmpl-a6ff119e-7037-4b80-beea-158a7e669d87-b8495404,27a16766-d861-43d6-8a84-7ce0ecba850d_dp1,0,8,1779995700.1312459,1779995700.1316545,0.4086494445800781
0,chatcmpl-e0d7b22b-0126-4a47-9ecd-4b3a74a578b0-998379c4,27a16766-d861-43d6-8a84-7ce0ecba850d_dp0,0,49,1779995700.239551,1779995700.254593,15.041828155517578
1,chatcmpl-2f8f6168-be3d-405c-b542-3aa0e69b212e-8979a166,27a16766-d861-43d6-8a84-7ce0ecba850d_dp0,0,15,1779995700.2724104,1779995700.2794135,7.003068923950195
1,chatcmpl-fc9df964-4c86-4c5c-b967-564dd8e0a529-bc805c81,27a16766-d861-43d6-8a84-7ce0ecba850d_dp1,0,2,1779995700.3054855,1779995700.305956,0.4703998565673828
0,chatcmpl-e8012039-9085-4a93-bf0d-42af6f561e6c-9094091c,27a16766-d861-43d6-8a84-7ce0ecba850d_dp0,0,47,1779995700.4208574,1779995700.4358761,15.018701553344727
1,chatcmpl-b0735711-9cf9-4a34-aba6-08b27b045910-b99eff54,27a16766-d861-43d6-8a84-7ce0ecba850d_dp1,0,49,1779995700.4726515,1779995700.5000317,27.38022804260254
1,chatcmpl-c15acaa8-eab0-413f-a328-75f961bd38ef-9440bd7b,27a16766-d861-43d6-8a84-7ce0ecba850d_dp0,0,49,1779995700.537399,1779995700.5532343,15.835285186767578
1,chatcmpl-2115d229-05b3-4b38-91c6-b0356ab8d73b-9ae10f23,27a16766-d861-43d6-8a84-7ce0ecba850d_dp1,0,1,1779995700.5527515,1779995700.5532472,0.49567222595214844
0,chatcmpl-1f5880bb-eb2e-4097-ab4e-016249948048-a2d5392f,27a16766-d861-43d6-8a84-7ce0ecba850d_dp1,0,3,1779995700.5571253,1779995700.5576215,0.49614906311035156
1,chatcmpl-c20272c6-6324-4771-9d1e-cbb7c2660ed8-9c2bf8e7,27a16766-d861-43d6-8a84-7ce0ecba850d_dp0,0,18,1779995700.5704448,1779995700.5778055,7.360696792602539
0,chatcmpl-76f138e3-e4c0-4ca9-92da-8cf438436e6e-9787cc94,27a16766-d861-43d6-8a84-7ce0ecba850d_dp0,0,2,1779995700.5935261,1779995700.5940516,0.5254745483398438
0,chatcmpl-8028c30b-99e4-42fa-94a5-70ac354a6696-b2240ec3,27a16766-d861-43d6-8a84-7ce0ecba850d_dp1,0,41,1779995700.6684585,1779995700.6882267,19.768238067626953
0,chatcmpl-76245412-2040-4e4b-bca5-6701134371b1-9e8e3f1b,27a16766-d861-43d6-8a84-7ce0ecba850d_dp0,0,2,1779995700.727101,1779995700.7287982,1.6970634460449219
1,chatcmpl-19efc125-1314-46e9-ae67-23e879341ed2-8024e24a,27a16766-d861-43d6-8a84-7ce0ecba850d_dp1,0,11,1779995700.7414854,1779995700.750158,8.672714233398438
0,chatcmpl-589a5ce9-bec0-45ab-9b2a-12db07342721-938fddc1,27a16766-d861-43d6-8a84-7ce0ecba850d_dp1,0,23,1779995700.7417328,1779995700.7503402,8.60738754272461
1,chatcmpl-c9440085-bd57-4039-8e70-9cd635b38cb0-9e174922,27a16766-d861-43d6-8a84-7ce0ecba850d_dp0,0,16,1779995700.7663941,1779995700.7747276,8.333444595336914
0,chatcmpl-0179c8d5-e918-4c5d-abe2-a40c2b760a71-9d8cb326,27a16766-d861-43d6-8a84-7ce0ecba850d_dp1,0,2,1779995700.777135,1779995700.7776668,0.5319118499755859
0,chatcmpl-5f3656b8-2bb9-4dbf-a377-56454f3dd782-928fe73f,27a16766-d861-43d6-8a84-7ce0ecba850d_dp0,0,8,1779995700.8356485,1779995700.835991,0.34236907958984375
1,chatcmpl-7c28cc1a-a5af-459f-ba33-ea6122471347-ac71654c,27a16766-d861-43d6-8a84-7ce0ecba850d_dp0,0,54,1779995700.9057174,1779995700.9270074,21.290063858032227
1,chatcmpl-c8e54648-1b16-4167-b723-983001de2f5a-9627dc98,27a16766-d861-43d6-8a84-7ce0ecba850d_dp1,0,2,1779995700.9097657,1779995700.9270227,17.256975173950195
0,chatcmpl-ec629ed4-5d26-4560-8268-7a1e563d4786-9f25ddf2,27a16766-d861-43d6-8a84-7ce0ecba850d_dp1,0,2,1779995700.911743,1779995700.9122589,0.5159378051757812
1,chatcmpl-1b1b4439-0a87-4e0e-85fe-c26b15b48e37-a9bb2434,27a16766-d861-43d6-8a84-7ce0ecba850d_dp0,0,22,1779995700.926517,1779995700.9329658,6.4487457275390625
1,chatcmpl-acd7ddf7-2865-4c61-ae92-e2f5217b4cb5-a9e50a29,27a16766-d861-43d6-8a84-7ce0ecba850d_dp0,0,1,1779995700.9579692,1779995700.9583735,0.40435791015625
0,chatcmpl-1f32d672-7b0f-4a63-b39e-602ccdce4703-9bdcf1d5,27a16766-d861-43d6-8a84-7ce0ecba850d_dp1,0,16,1779995700.9978862,1779995701.0068812,8.99505615234375
0,chatcmpl-765f9537-4e46-4abe-8cc2-5b62b3eed6a2-a09818e5,27a16766-d861-43d6-8a84-7ce0ecba850d_dp0,0,43,1779995701.0992532,1779995701.12705,27.79674530029297
0,chatcmpl-901c3823-6e20-462a-bbf0-6e37fdedc772-adc1af71,27a16766-d861-43d6-8a84-7ce0ecba850d_dp1,0,2,1779995701.1069667,1779995701.1270697,20.102977752685547
0,chatcmpl-76d7ba34-6a4e-4f44-99b1-a2405c4acdff-b9ccdadd,27a16766-d861-43d6-8a84-7ce0ecba850d_dp0,0,17,1779995701.1264749,1779995701.130319,3.8442611694335938
1,chatcmpl-6523a802-6351-436c-a6bb-60880eaa03e3-85051bb1,27a16766-d861-43d6-8a84-7ce0ecba850d_dp0,0,24,1779995701.2105715,1779995701.2362404,25.668859481811523
1,chatcmpl-fe574873-3aab-4b25-b665-4a119594da64-8bffde78,27a16766-d861-43d6-8a84-7ce0ecba850d_dp1,0,6,1779995701.235823,1779995701.236248,0.42510032653808594
1,chatcmpl-d2e59c00-a434-45d1-be8f-c2982f4ad6d4-99e66dce,27a16766-d861-43d6-8a84-7ce0ecba850d_dp0,0,15,1779995701.4169226,1779995701.4248788,7.956266403198242
0,chatcmpl-fbaca8e3-4aa2-4963-9fcd-6846d53e4b10-b09b5a79,27a16766-d861-43d6-8a84-7ce0ecba850d_dp0,0,5,1779995701.4332354,1779995701.4337716,0.5362033843994141
1,chatcmpl-8512c2a5-b870-44a3-a151-f00feedadace-9c0cffb6,27a16766-d861-43d6-8a84-7ce0ecba850d_dp0,0,1,1779995701.462354,1779995701.462747,0.39315223693847656
0,chatcmpl-7812b5c3-c7a4-4496-9bb8-66f3941dc535-9e8d8c2b,27a16766-d861-43d6-8a84-7ce0ecba850d_dp1,0,7,1779995701.4718285,1779995701.4721823,0.35381317138671875
0,chatcmpl-0b670129-4ea9-46a8-88c2-1a6f5fe36026-9ef7d60b,27a16766-d861-43d6-8a84-7ce0ecba850d_dp0,0,15,1779995701.68702,1779995701.6959176,8.897542953491211
1,chatcmpl-d8bb610f-889e-448f-92b8-d5a45aa6a0a0-89ac0e68,27a16766-d861-43d6-8a84-7ce0ecba850d_dp0,0,1,1779995701.74535,1779995701.7457473,0.3974437713623047
0,chatcmpl-2fe1dfd5-485a-43c6-8b01-0941f63543fa-b8d35685,27a16766-d861-43d6-8a84-7ce0ecba850d_dp1,0,3,1779995701.7492561,1779995701.749778,0.5218982696533203
1,chatcmpl-cce17842-7de4-4e8b-ba35-493deed308cb-a80b3914,27a16766-d861-43d6-8a84-7ce0ecba850d_dp0,0,14,1779995701.8122175,1779995701.8182538,6.036281585693359
0,chatcmpl-5c6ded61-5665-4e83-9ac9-7c3bfbbee79e-b1465e57,27a16766-d861-43d6-8a84-7ce0ecba850d_dp1,0,49,1779995701.9471428,1779995701.9622564,15.113592147827148
0,chatcmpl-13d0e0ca-7054-47ef-ac56-42ba5e1a52ec-8c604654,27a16766-d861-43d6-8a84-7ce0ecba850d_dp1,0,3,1779995702.0149693,1779995702.0155098,0.5404949188232422
1,chatcmpl-7b910fd2-f406-4744-9bee-33fd016728a1-a0c00bc0,27a16766-d861-43d6-8a84-7ce0ecba850d_dp0,0,49,1779995702.025057,1779995702.041639,16.582012176513672
1,chatcmpl-b18a7955-7db2-4f21-a3ce-d9abc71c3591-8aceafa2,27a16766-d861-43d6-8a84-7ce0ecba850d_dp0,0,8,1779995702.0411863,1779995702.0561593,14.972925186157227
1,chatcmpl-505ed5ed-afd1-4d5d-a67d-527fc5e1a872-be8a7d49,27a16766-d861-43d6-8a84-7ce0ecba850d_dp0,0,35,1779995702.2229078,1779995702.2408264,17.91858673095703
0,chatcmpl-157209d1-6456-484f-a104-c466edf37dd3-8478b27f,27a16766-d861-43d6-8a84-7ce0ecba850d_dp0,0,2,1779995702.3782625,1779995702.3787818,0.5192756652832031
1,chatcmpl-af8e725e-3677-4870-8bef-63e10de2c210-b5decebb,27a16766-d861-43d6-8a84-7ce0ecba850d_dp1,0,6,1779995702.3936589,1779995702.394067,0.408172607421875
0,chatcmpl-d5472518-d78d-4570-9814-5d5f8e01e2db-aba8ab3b,27a16766-d861-43d6-8a84-7ce0ecba850d_dp0,0,4,1779995702.4806418,1779995702.481175,0.5331039428710938
1,chatcmpl-94ae26bb-831a-4d52-a50a-fc68b41771d6-a509a018,27a16766-d861-43d6-8a84-7ce0ecba850d_dp0,0,32,1779995702.5057242,1779995702.5220466,16.32237434387207
1,chatcmpl-8ffeec7f-f0ec-4f31-88ba-d982494b9dc6-86ee9364,27a16766-d861-43d6-8a84-7ce0ecba850d_dp1,0,2,1779995702.5105345,1779995702.5220773,11.542797088623047
0,chatcmpl-0cc7550a-307f-4e76-ae89-eef680d140bb-9a9b4606,27a16766-d861-43d6-8a84-7ce0ecba850d_dp1,0,12,1779995702.51261,1779995702.522188,9.57798957824707
0,chatcmpl-13c37c4f-ddc0-41b9-be83-c76d0968e95d-af3f8704,27a16766-d861-43d6-8a84-7ce0ecba850d_dp0,0,2,1779995702.5374246,1779995702.5379438,0.5192756652832031
1,chatcmpl-cda304fa-b68a-4f2d-af02-8d500bd0a18d-9abe6210,27a16766-d861-43d6-8a84-7ce0ecba850d_dp1,0,6,1779995702.6145709,1779995702.614984,0.4131793975830078
0,chatcmpl-fbc4529d-81d0-4c76-8804-14a8f47ac8d6-822b68ee,27a16766-d861-43d6-8a84-7ce0ecba850d_dp0,0,18,1779995702.6370144,1779995702.64564,8.625507354736328
1,chatcmpl-d36cb6fb-f98a-4cea-af1b-8f5f5ec2813e-abe7f076,27a16766-d861-43d6-8a84-7ce0ecba850d_dp1,0,2,1779995702.6471884,1779995702.6475768,0.3883838653564453
0,chatcmpl-87d0ac9e-5343-4972-b727-6f67f3ae7809-a7bc0355,27a16766-d861-43d6-8a84-7ce0ecba850d_dp1,0,4,1779995702.70125,1779995702.7017643,0.5142688751220703
1,chatcmpl-4605078d-e183-41b9-a439-49709faa3202-a5351c29,27a16766-d861-43d6-8a84-7ce0ecba850d_dp0,0,2,1779995702.906381,1779995702.9067929,0.4119873046875
1,chatcmpl-5fe666cd-8a31-4c73-9225-2f73b198d45f-9f182ce5,27a16766-d861-43d6-8a84-7ce0ecba850d_dp1,0,3,1779995702.96908,1779995702.9695299,0.44989585876464844
1,chatcmpl-e15d9f0c-c150-49d7-8e6f-fb51ae621db8-a24ca3ba,27a16766-d861-43d6-8a84-7ce0ecba850d_dp0,0,9,1779995703.2213266,1779995703.221749,0.42247772216796875
1,chatcmpl-6a768630-a63d-4437-94da-31de1f452476-9c303706,27a16766-d861-43d6-8a84-7ce0ecba850d_dp1,0,5,1779995703.2796733,1779995703.280087,0.41365623474121094
1,chatcmpl-3ceb9d23-8a42-46d4-b050-b8fad9dce108-b363a889,27a16766-d861-43d6-8a84-7ce0ecba850d_dp0,0,5,1779995703.4271207,1779995703.427499,0.3783702850341797
0,chatcmpl-426d5fa9-fdbb-4b9a-b0ac-76d1f591dd9a-abcd9603,27a16766-d861-43d6-8a84-7ce0ecba850d_dp1,0,3,1779995703.4640508,1779995703.4645813,0.5304813385009766
1,chatcmpl-f11238f0-bd51-4a7e-be89-d3b5c1207d38-876e6016,27a16766-d861-43d6-8a84-7ce0ecba850d_dp0,0,23,1779995703.4902127,1779995703.508697,18.48435401916504
0,chatcmpl-729b5bd8-13ae-467c-9a76-5a1450824214-9b4d9d9c,27a16766-d861-43d6-8a84-7ce0ecba850d_dp1,0,23,1779995703.50017,1779995703.5088532,8.683204650878906
1,chatcmpl-4ebe9b63-3923-4ebb-8145-ccb9fc3c4b89-afff0178,27a16766-d861-43d6-8a84-7ce0ecba850d_dp1,0,9,1779995703.528758,1779995703.5291553,0.3972053527832031
1,chatcmpl-443d49bf-2afe-4ce1-860a-b9dde741d2f7-a5cfc3c2,27a16766-d861-43d6-8a84-7ce0ecba850d_dp0,0,6,1779995703.5393217,1779995703.5397155,0.39386749267578125
0,chatcmpl-c9d88eeb-1dfd-4185-ab9e-5ed1f66de797-ba76a4c7,27a16766-d861-43d6-8a84-7ce0ecba850d_dp1,0,44,1779995703.6115198,1779995703.6270995,15.579700469970703
0,chatcmpl-9cc9b22b-8b1e-4c4b-9a6d-9d623bb228ee-999dc839,27a16766-d861-43d6-8a84-7ce0ecba850d_dp0,0,44,1779995703.6806407,1779995703.68838,7.73930549621582
0,chatcmpl-3b3692ee-e7ca-488c-81ad-ebd3ff38ec01-819a0f4e,27a16766-d861-43d6-8a84-7ce0ecba850d_dp1,0,21,1779995703.68785,1779995703.7079675,20.117521286010742
0,chatcmpl-73e1bf47-8dec-4607-930e-c3f101a0e114-8af6deff,27a16766-d861-43d6-8a84-7ce0ecba850d_dp0,0,1,1779995703.6957645,1779995703.7080045,12.239933013916016
1,chatcmpl-6c8c2b84-65a6-4dc2-88eb-56c39afae6ee-86667b42,27a16766-d861-43d6-8a84-7ce0ecba850d_dp1,0,2,1779995703.6974456,1779995703.6978226,0.3769397735595703
1,chatcmpl-8ea40886-75c5-4825-b2be-13edc1d6736d-a195b6c6,27a16766-d861-43d6-8a84-7ce0ecba850d_dp0,0,2,1779995703.7092454,1779995703.7096503,0.4048347473144531
1,chatcmpl-0751a717-e267-4ac1-bb5b-6587eb07288c-868cecdd,27a16766-d861-43d6-8a84-7ce0ecba850d_dp0,0,6,1779995703.7380254,1779995703.7384164,0.3910064697265625
0,chatcmpl-7cf64d22-f268-492e-b911-4980bec0bfed-b42e9868,27a16766-d861-43d6-8a84-7ce0ecba850d_dp1,0,25,1779995703.8608656,1779995703.8694148,8.549213409423828
0,chatcmpl-6148e388-f538-4c86-bb51-a40529ada41f-903606bf,27a16766-d861-43d6-8a84-7ce0ecba850d_dp0,0,12,1779995704.02133,1779995704.030584,9.253978729248047
1,chatcmpl-ccd2c5ec-eb91-490f-bb65-33778dfbd880-a583f2fd,27a16766-d861-43d6-8a84-7ce0ecba850d_dp1,0,31,1779995704.0852046,1779995704.1044264,19.221782684326172
0,chatcmpl-3bd9a3ee-4a71-4c24-964b-56f68f53cba0-938d2533,27a16766-d861-43d6-8a84-7ce0ecba850d_dp0,0,31,1779995704.1088526,1779995704.1290753,20.22266387939453
0,chatcmpl-8a2553ee-7876-4dcb-b957-154501001f71-877b30f5,27a16766-d861-43d6-8a84-7ce0ecba850d_dp1,0,27,1779995704.207804,1779995704.2280967,20.29275894165039
0,chatcmpl-2e26991c-b709-41a0-aeb4-cc6384c0e97e-9adb056b,27a16766-d861-43d6-8a84-7ce0ecba850d_dp0,0,13,1779995704.2814426,1779995704.2902331,8.79049301147461
1,chatcmpl-576ae0fd-3cc9-4cb4-a529-f0b8cc564f74-87ab7a4d,27a16766-d861-43d6-8a84-7ce0ecba850d_dp1,0,1,1779995704.302708,1779995704.303087,0.3790855407714844
1,chatcmpl-c1ad23f1-716b-4058-98cb-480e436c88d5-ae488b52,27a16766-d861-43d6-8a84-7ce0ecba850d_dp0,0,13,1779995704.3452604,1779995704.3520224,6.762027740478516
0,chatcmpl-ed1ef432-57bf-45bb-8b3a-09ce18c88493-8ced2494,27a16766-d861-43d6-8a84-7ce0ecba850d_dp1,0,2,1779995704.4913568,1779995704.491865,0.5080699920654297
0,chatcmpl-8e6fe821-e606-499d-9d78-ba91bc80a54c-92b5182f,27a16766-d861-43d6-8a84-7ce0ecba850d_dp0,0,25,1779995704.7633495,1779995704.783502,20.152568817138672
0,chatcmpl-e070e179-bf51-4921-a8d7-45da1b7b5390-ae3b4060,27a16766-d861-43d6-8a84-7ce0ecba850d_dp0,0,5,1779995704.8889916,1779995704.8895187,0.5271434783935547
1,chatcmpl-689e63e5-21c1-4301-8c4f-3f8045b60238-b20b1e4c,27a16766-d861-43d6-8a84-7ce0ecba850d_dp1,0,2,1779995704.9227521,1779995704.9232435,0.4913806915283203
0,chatcmpl-7e7eb4f8-03d6-4c9e-bdca-ae3b94fe1c26-b5d8914c,27a16766-d861-43d6-8a84-7ce0ecba850d_dp0,0,2,1779995704.9593797,1779995704.9598763,0.4966259002685547
1,chatcmpl-04ba2579-2fdf-4800-97f4-d3483a6f2173-a2a6171c,27a16766-d861-43d6-8a84-7ce0ecba850d_dp1,0,21,1779995704.9991746,1779995705.0054133,6.238698959350586
1,chatcmpl-0a786e00-61ad-4e77-a515-c8efb787eed1-8a86c25c,27a16766-d861-43d6-8a84-7ce0ecba850d_dp1,0,8,1779995705.0495431,1779995705.0500665,0.5233287811279297
0,chatcmpl-5f26763d-137b-449d-bebc-a813c8cc71d2-962b62b3,27a16766-d861-43d6-8a84-7ce0ecba850d_dp0,0,2,1779995705.0563548,1779995705.0568595,0.5047321319580078
1,chatcmpl-b8a987c7-7c1c-4e71-8362-80cf923bbf2b-82b185e5,27a16766-d861-43d6-8a84-7ce0ecba850d_dp1,0,18,1779995705.1102684,1779995705.115625,5.356550216674805
1,chatcmpl-8e11655e-846d-4ae1-9320-194808e4801e-a057ffeb,27a16766-d861-43d6-8a84-7ce0ecba850d_dp0,0,2,1779995705.1431048,1779995705.1436296,0.5247592926025391
0,chatcmpl-25d3ac98-56c6-4b9e-98ce-3d430210039f-ad1b1573,27a16766-d861-43d6-8a84-7ce0ecba850d_dp0,0,2,1779995705.2790549,1779995705.2795553,0.5004405975341797
0,chatcmpl-b228243d-3c3c-49a7-a7b0-1442dc8dc4f9-a3454c88,27a16766-d861-43d6-8a84-7ce0ecba850d_dp1,0,9,1779995705.3734376,1779995705.3737855,0.3478527069091797
1,chatcmpl-968c96a9-b008-41b8-937c-244983599d6e-bc2e00fc,27a16766-d861-43d6-8a84-7ce0ecba850d_dp0,0,19,1779995705.3825717,1779995705.3891325,6.560802459716797
1,chatcmpl-14172017-bbb6-4a4d-8f78-0c3e3fbd4119-865a905a,27a16766-d861-43d6-8a84-7ce0ecba850d_dp0,0,24,1779995705.4198442,1779995705.4378417,17.99750328063965
0,chatcmpl-104325b7-7c3c-4ecc-9fb4-81e6d313909a-97582ab1,27a16766-d861-43d6-8a84-7ce0ecba850d_dp1,0,15,1779995705.4536397,1779995705.4627488,9.109020233154297
1,chatcmpl-9943ab05-9dad-4294-a5ea-1717e155d0c5-b93358ae,27a16766-d861-43d6-8a84-7ce0ecba850d_dp0,0,6,1779995705.4806888,1779995705.4811225,0.4336833953857422
0,chatcmpl-fadfd9c3-8796-4e87-ba57-4ff3e8984c83-96e05df3,27a16766-d861-43d6-8a84-7ce0ecba850d_dp0,0,31,1779995705.5282881,1779995705.5487168,20.42865753173828
1,chatcmpl-af9dc80c-b505-417c-9633-210f5661270a-8aa209a9,27a16766-d861-43d6-8a84-7ce0ecba850d_dp1,0,24,1779995705.530337,1779995705.5485418,18.204689025878906
1,chatcmpl-b62c9610-1ad9-4983-bb50-cb4b3a4ee124-967e6882,27a16766-d861-43d6-8a84-7ce0ecba850d_dp0,0,35,1779995705.5916595,1779995705.6097496,18.090009689331055
0,chatcmpl-c1957abf-dcb8-44e9-aa6d-ca1703395352-a4d0c505,27a16766-d861-43d6-8a84-7ce0ecba850d_dp0,0,35,1779995705.6632566,1779995705.683075,19.81830596923828
1,chatcmpl-c92d936e-e6f5-4111-8645-5ca8d47e27c8-bb160517,27a16766-d861-43d6-8a84-7ce0ecba850d_dp1,0,22,1779995705.6903882,1779995705.7074795,17.09127426147461
1,chatcmpl-27f26ee0-8cfe-4aa2-af11-2bcf6ea9237c-87d35f28,27a16766-d861-43d6-8a84-7ce0ecba850d_dp1,0,33,1779995705.7509267,1779995705.768252,17.325162887573242
0,chatcmpl-316d9182-878f-4d21-917f-99b10203aee1-a8ddf78b,27a16766-d861-43d6-8a84-7ce0ecba850d_dp0,0,2,1779995705.7842102,1779995705.7847233,0.5130767822265625
0,chatcmpl-6176e606-fffc-402e-8b7e-da2dba561498-a530dc16,27a16766-d861-43d6-8a84-7ce0ecba850d_dp0,0,23,1779995705.845967,1779995705.8544838,8.516788482666016
0,chatcmpl-c696bef7-f16f-499d-a943-a57a2a0000dd-ad3348cc,27a16766-d861-43d6-8a84-7ce0ecba850d_dp1,0,2,1779995705.8824306,1779995705.8829696,0.5390644073486328
0,chatcmpl-e12581dd-eb8c-4c53-a8d0-e73e9923a4d9-b41ac528,27a16766-d861-43d6-8a84-7ce0ecba850d_dp0,0,10,1779995705.931831,1779995705.9321923,0.36144256591796875
1,chatcmpl-a1f7cdcb-2880-4075-9f86-7a08391ac57f-8aa48438,27a16766-d861-43d6-8a84-7ce0ecba850d_dp1,0,17,1779995705.954136,1779995705.9589324,4.796504974365234
0,chatcmpl-f55526c0-50cb-4af5-80b1-f95c010ca7c1-b902c063,27a16766-d861-43d6-8a84-7ce0ecba850d_dp0,0,26,1779995705.9873974,1779995706.0077667,20.369291305541992
0,chatcmpl-69551fd6-7228-448f-b400-89710af60e65-b42c469a,27a16766-d861-43d6-8a84-7ce0ecba850d_dp0,0,2,1779995706.0234852,1779995706.0240078,0.522613525390625
0,chatcmpl-269f0022-2b49-4b0d-be1a-f88205f7b607-9c8bb46e,27a16766-d861-43d6-8a84-7ce0ecba850d_dp1,0,26,1779995706.0609822,1779995706.0812783,20.296096801757812
1,chatcmpl-0fe785af-7152-4a92-a77d-8c5e7bdc5e18-a5949690,27a16766-d861-43d6-8a84-7ce0ecba850d_dp0,0,2,1779995706.0709238,1779995706.0714426,0.518798828125
1,chatcmpl-b9176cae-a045-4d41-89cd-e3b17fe5d218-8e97439a,27a16766-d861-43d6-8a84-7ce0ecba850d_dp0,0,45,1779995706.1887064,1779995706.2129216,24.215221405029297
0,chatcmpl-87bb43e5-ebf3-433a-b289-0fbd81b27d05-93a1aaf0,27a16766-d861-43d6-8a84-7ce0ecba850d_dp1,0,5,1779995706.1995335,1779995706.2000568,0.5233287811279297
1,chatcmpl-6ac71014-ac3d-44f3-bd55-6ef213956a94-baaf0af4,27a16766-d861-43d6-8a84-7ce0ecba850d_dp1,0,9,1779995706.2124941,1779995706.2129376,0.44345855712890625
0,chatcmpl-b7e42d84-e293-42b5-a208-81734eae4b69-a26f0482,27a16766-d861-43d6-8a84-7ce0ecba850d_dp0,0,19,1779995706.2692356,1779995706.2776544,8.418798446655273
1,chatcmpl-193b2a83-617a-4221-a0fd-f4a9f12721a6-a759e850,27a16766-d861-43d6-8a84-7ce0ecba850d_dp0,0,38,1779995706.2732608,1779995706.289571,16.31021499633789
0,chatcmpl-44181f1a-f3e6-4f46-8ad8-e07876557c63-9d9bbe8e,27a16766-d861-43d6-8a84-7ce0ecba850d_dp1,0,52,1779995706.3950324,1779995706.4099765,14.944076538085938
0,chatcmpl-a53f7314-51dd-4ef1-92c3-612f2c9132d0-a43f66eb,27a16766-d861-43d6-8a84-7ce0ecba850d_dp0,0,52,1779995706.4421554,1779995706.4583733,16.217947006225586
0,chatcmpl-8035d530-8756-4dd1-a6fc-08f9ac2d4aa7-a7e6db3e,27a16766-d861-43d6-8a84-7ce0ecba850d_dp0,0,1,1779995706.45785,1779995706.4583936,0.5435943603515625
1,chatcmpl-2f2054f7-7a07-4bfa-8699-0995f749b6dd-ba97cfae,27a16766-d861-43d6-8a84-7ce0ecba850d_dp1,0,25,1779995706.464059,1779995706.4740224,9.963274002075195
1,chatcmpl-33dd7d76-ad52-447f-bfae-e7c04fc447b6-99151007,27a16766-d861-43d6-8a84-7ce0ecba850d_dp1,0,17,1779995706.4735968,1779995706.4819026,8.305788040161133
0,chatcmpl-fa7777ea-3cfd-40bc-bb4c-c79b9d2c316e-b378645c,27a16766-d861-43d6-8a84-7ce0ecba850d_dp1,0,32,1779995706.5599425,1779995706.5806336,20.6911563873291
1,chatcmpl-97060126-5f6f-4dd0-9dbe-62f58aa339f1-ba9f88b1,27a16766-d861-43d6-8a84-7ce0ecba850d_dp0,0,7,1779995706.5756588,1779995706.5761032,0.4444122314453125
1,chatcmpl-01604de7-79e6-4b5e-b60c-b05134386bc1-9ea9c47e,27a16766-d861-43d6-8a84-7ce0ecba850d_dp0,0,17,1779995706.7220302,1779995706.7279866,5.956411361694336
0,chatcmpl-31e4d41c-d50b-4a79-9fd5-1aa98e365a06-9548dc9e,27a16766-d861-43d6-8a84-7ce0ecba850d_dp1,0,38,1779995706.8194811,1779995706.8367324,17.251253128051758
0,chatcmpl-407cd798-c2c8-4ad6-b1c9-f298b6faba7d-82e37cdf,27a16766-d861-43d6-8a84-7ce0ecba850d_dp0,0,5,1779995706.8362322,1779995706.840145,3.9129257202148438
1,chatcmpl-8eeebbde-3294-40a3-afa7-3b4d672ade4f-863a5315,27a16766-d861-43d6-8a84-7ce0ecba850d_dp1,0,49,1779995706.926948,1779995706.9420106,15.062570571899414
1,chatcmpl-e987a507-9b35-456e-b9b9-cde152cd3802-90abc57e,27a16766-d861-43d6-8a84-7ce0ecba850d_dp0,0,14,1779995706.984093,1779995706.9912362,7.143259048461914
0,chatcmpl-e3566278-8590-45f3-8265-d48fb122237e-a6884e04,27a16766-d861-43d6-8a84-7ce0ecba850d_dp0,0,49,1779995707.010135,1779995707.021956,11.82103157043457
0,chatcmpl-80ec3668-05d5-4242-9232-c0484690c5ea-9c124f93,27a16766-d861-43d6-8a84-7ce0ecba850d_dp1,0,6,1779995707.0214844,1779995707.021964,0.47969818115234375
1,chatcmpl-9d2ca18c-3546-49c8-943c-587a27f262a2-a9612d0e,27a16766-d861-43d6-8a84-7ce0ecba850d_dp1,0,22,1779995707.0299702,1779995707.037684,7.713794708251953
0,chatcmpl-8a3f497f-fe0a-486e-93d0-14f126243129-a9c38ab8,27a16766-d861-43d6-8a84-7ce0ecba850d_dp0,0,58,1779995707.084824,1779995707.109805,24.981021881103516
1,chatcmpl-a113aa23-c625-4697-ac71-e251f588e397-92cfb850,27a16766-d861-43d6-8a84-7ce0ecba850d_dp1,0,2,1779995707.0897248,1779995707.0900965,0.37169456481933594
0,chatcmpl-a5e00553-631b-4ef5-b53b-a8ff78e75192-96bc8841,27a16766-d861-43d6-8a84-7ce0ecba850d_dp0,0,6,1779995707.1094086,1779995707.1098135,0.4048347473144531
0,chatcmpl-763a9c2c-4618-4f90-8e21-c255ec2349b2-987ad47f,27a16766-d861-43d6-8a84-7ce0ecba850d_dp1,0,2,1779995707.1152022,1779995707.115717,0.5147457122802734
0,chatcmpl-aec36f4f-1c17-4987-8df8-4b74bd7ad708-8403866c,27a16766-d861-43d6-8a84-7ce0ecba850d_dp0,0,6,1779995707.1697927,1779995707.1702912,0.4985332489013672
1,chatcmpl-460cb0d3-4a0a-4897-8f9c-123f3abe800d-b91bb067,27a16766-d861-43d6-8a84-7ce0ecba850d_dp1,0,3,1779995707.1764212,1779995707.1768105,0.38933753967285156
0,chatcmpl-0d77b62b-03b8-4afb-b1ef-5d8b0af01324-a1aeb9e1,27a16766-d861-43d6-8a84-7ce0ecba850d_dp1,0,2,1779995707.2127838,1779995707.2132998,0.5159378051757812
1,chatcmpl-8ebeefa8-5f7b-4b89-b7b6-b4536a09027e-9cfbc2d2,27a16766-d861-43d6-8a84-7ce0ecba850d_dp0,0,4,1779995707.2262287,1779995707.226633,0.40435791015625
0,chatcmpl-a2fd6c90-b40d-4644-bc8a-4ff8dfcb9db0-82fba832,27a16766-d861-43d6-8a84-7ce0ecba850d_dp1,0,44,1779995707.296061,1779995707.3081028,12.041807174682617
1,chatcmpl-9bb84194-0612-47bd-8f17-bdf1dd6ca051-ab87e61d,27a16766-d861-43d6-8a84-7ce0ecba850d_dp1,0,12,1779995707.3038435,1779995707.3113158,7.47227668762207
0,chatcmpl-5f07e81f-457b-4055-baa4-9257e67461c6-9034fbe4,27a16766-d861-43d6-8a84-7ce0ecba850d_dp0,0,3,1779995707.3075812,1779995707.3114765,3.895282745361328
0,chatcmpl-084a5382-eab9-4578-a873-30de19b53254-b4ed881a,27a16766-d861-43d6-8a84-7ce0ecba850d_dp1,0,2,1779995707.3496947,1779995707.3502004,0.5056858062744141
1,chatcmpl-c70c236d-9e58-4aaf-afe5-8c328c19710d-ae5e1478,27a16766-d861-43d6-8a84-7ce0ecba850d_dp0,0,2,1779995707.3981698,1779995707.3986087,0.43892860412597656
0,chatcmpl-b5680df0-5a84-4b1f-9d5d-7ad7c34b78cf-b893e513,27a16766-d861-43d6-8a84-7ce0ecba850d_dp1,0,26,1779995707.4011636,1779995707.4249663,23.802757263183594
1,chatcmpl-cd8bb5c5-988d-433a-8278-900eaf86f13a-bfb9bfd8,27a16766-d861-43d6-8a84-7ce0ecba850d_dp1,0,32,1779995707.4174821,1779995707.4375517,20.069599151611328
0,chatcmpl-6859c3ab-e1fd-43c0-83c1-251047f1b578-8289214d,27a16766-d861-43d6-8a84-7ce0ecba850d_dp0,0,2,1779995707.4244297,1779995707.4249735,0.5438327789306641
1,chatcmpl-1e2ea633-b27c-4098-9d28-44ccf6c66755-916f0151,27a16766-d861-43d6-8a84-7ce0ecba850d_dp0,0,17,1779995707.4371753,1779995707.4455771,8.401870727539062
0,chatcmpl-aae7a88e-40ae-4259-a5a9-49113af7180c-a0881d19,27a16766-d861-43d6-8a84-7ce0ecba850d_dp0,0,3,1779995707.4853635,1779995707.4858768,0.5133152008056641
1,chatcmpl-941abb4a-806d-493f-b308-69ee3a34de46-8213a276,27a16766-d861-43d6-8a84-7ce0ecba850d_dp1,0,2,1779995707.4956279,1779995707.4960277,0.3998279571533203
0,chatcmpl-7d0da637-46a7-4fc5-8295-ec6406f9ee9b-8964b396,27a16766-d861-43d6-8a84-7ce0ecba850d_dp1,0,23,1779995707.5476856,1779995707.5676875,20.001888275146484
1,chatcmpl-a41172c1-b083-471d-9fa4-3d699f2bed3a-8e04b025,27a16766-d861-43d6-8a84-7ce0ecba850d_dp0,0,29,1779995707.6000848,1779995707.61681,16.72530174255371
0,chatcmpl-cf09bbf1-cb58-491b-8cc6-88e7ba9403ee-a1ac333e,27a16766-d861-43d6-8a84-7ce0ecba850d_dp1,0,3,1779995707.6081278,1779995707.6086514,0.5235671997070312
0,chatcmpl-7020b356-89c0-45be-b5db-77bc8dcaecc5-8ad8ee43,27a16766-d861-43d6-8a84-7ce0ecba850d_dp0,0,39,1779995707.670944,1779995707.6896617,18.71776580810547
0,chatcmpl-e4ae26f4-58b1-4780-a088-221ef613f032-8eee072e,27a16766-d861-43d6-8a84-7ce0ecba850d_dp1,0,2,1779995707.7169278,1779995707.7174256,0.4978179931640625
1,chatcmpl-e0b99d26-b3b0-401e-80f7-e1cfc25a350c-8192263e,27a16766-d861-43d6-8a84-7ce0ecba850d_dp0,0,45,1779995707.7845345,1779995707.805194,20.659446716308594
0,chatcmpl-2d73b8ae-be29-45a9-8e84-8985f45396c4-a83c3cbb,27a16766-d861-43d6-8a84-7ce0ecba850d_dp1,0,9,1779995707.8020177,1779995707.8023763,0.35858154296875
1,chatcmpl-de0414b3-865c-4429-8a05-a61c738bf4d6-a266a885,27a16766-d861-43d6-8a84-7ce0ecba850d_dp1,0,26,1779995707.8364265,1779995707.853981,17.554521560668945
0,chatcmpl-3c01b42a-a5d2-4bc4-8c05-32ca5f5de4a5-bda9ca4d,27a16766-d861-43d6-8a84-7ce0ecba850d_dp0,0,2,1779995707.9175181,1779995707.9180179,0.499725341796875
1,chatcmpl-135ab019-8e6e-427b-ac23-d2f8ec61dcde-89c1056f,27a16766-d861-43d6-8a84-7ce0ecba850d_dp1,0,4,1779995707.9306438,1779995707.9310603,0.4165172576904297
0,chatcmpl-5b818dc8-fb56-4f6f-9610-59920a89cf2c-8d0742a3,27a16766-d861-43d6-8a84-7ce0ecba850d_dp0,0,2,1779995707.9438915,1779995707.9444,0.5085468292236328
1,chatcmpl-0457c54f-6c53-451c-8ec9-7615f1ea1ecb-9df8a0c1,27a16766-d861-43d6-8a84-7ce0ecba850d_dp1,0,1,1779995708.0018501,1779995708.0022445,0.3943443298339844
1,chatcmpl-ca458a23-42f3-47b7-86f1-e5a029c363b8-8344d121,27a16766-d861-43d6-8a84-7ce0ecba850d_dp0,0,49,1779995708.1730173,1779995708.200645,27.62770652770996
0,chatcmpl-133a1db3-67b7-473d-8db0-06ee1c43504c-8ba75e9a,27a16766-d861-43d6-8a84-7ce0ecba850d_dp0,0,46,1779995708.3403668,1779995708.5262742,185.90736389160156
1,chatcmpl-ea6fa588-c7e4-4b00-8da5-44364fb14ae5-ac7f42f9,27a16766-d861-43d6-8a84-7ce0ecba850d_dp1,0,28,1779995708.3504307,1779995708.5399594,189.5287036895752
0,chatcmpl-8da4388e-4018-40b9-8968-956a1db4df10-87d1c9d8,27a16766-d861-43d6-8a84-7ce0ecba850d_dp0,0,2,1779995708.5259018,1779995708.5262828,0.3809928894042969
1,chatcmpl-3211a01a-9ed5-4819-bdc6-3cfa08a5d191-b677fa78,27a16766-d861-43d6-8a84-7ce0ecba850d_dp1,0,5,1779995708.5396142,1779995708.5399668,0.35262107849121094
1,chatcmpl-7995b4b8-59ca-4f8f-a464-12613e4ff83f-9532fc61,27a16766-d861-43d6-8a84-7ce0ecba850d_dp0,0,23,1779995708.5503592,1779995708.5660446,15.685319900512695
1,chatcmpl-33fc2351-8b3c-4478-aa88-007a314a9719-96fe5e93,27a16766-d861-43d6-8a84-7ce0ecba850d_dp0,0,3,1779995708.5581303,1779995708.5660512,7.920980453491211
1,chatcmpl-4b2fa8f3-bc21-4436-bf1b-dcd9f0dc8366-aadf756c,27a16766-d861-43d6-8a84-7ce0ecba850d_dp1,0,8,1779995708.5657,1779995708.5660565,0.35643577575683594
0,chatcmpl-ed8dc6c1-7fab-460a-81a6-f15c6053a514-ab296d1f,27a16766-d861-43d6-8a84-7ce0ecba850d_dp0,0,17,1779995708.5723186,1779995708.5930536,20.73502540588379
1,chatcmpl-c7828f65-600f-4427-a677-5f30c8ec2608-8df60347,27a16766-d861-43d6-8a84-7ce0ecba850d_dp1,0,9,1779995708.600019,1779995708.6003976,0.37860870361328125
0,chatcmpl-59e8434d-8a72-4849-b1b2-c59b83563a36-ae074a15,27a16766-d861-43d6-8a84-7ce0ecba850d_dp0,0,3,1779995708.6134546,1779995708.613954,0.49948692321777344
0,chatcmpl-cc89fd98-4cd5-4baa-aa57-c991e2f057f5-bf2431ca,27a16766-d861-43d6-8a84-7ce0ecba850d_dp1,0,2,1779995708.6834242,1779995708.6839375,0.5133152008056641
1,chatcmpl-cff0d60c-e47a-44cd-8e06-497d84fc4ec0-88e0d1c4,27a16766-d861-43d6-8a84-7ce0ecba850d_dp0,0,50,1779995708.8413637,1779995708.856524,15.160322189331055
0,chatcmpl-84c3120e-55be-492f-af75-31b2336e92cc-b8066089,27a16766-d861-43d6-8a84-7ce0ecba850d_dp0,0,1,1779995708.8697042,1779995708.870229,0.5247592926025391
1,chatcmpl-8e4da2e3-e136-47fa-83bd-22e61b5e11b5-9608bb00,27a16766-d861-43d6-8a84-7ce0ecba850d_dp0,0,5,1779995708.8993595,1779995708.8997347,0.3752708435058594
1,chatcmpl-22085830-662d-4d62-a256-8c2ae0b2adc1-947f0ec7,27a16766-d861-43d6-8a84-7ce0ecba850d_dp1,0,37,1779995708.963492,1779995708.981162,17.670154571533203
0,chatcmpl-36d0b2ef-a344-492a-a620-2611d169d063-ba97af96,27a16766-d861-43d6-8a84-7ce0ecba850d_dp0,0,2,1779995708.9958682,1779995708.996391,0.5228519439697266
0,chatcmpl-84390410-d61a-4de9-89d3-2b2f18f1983f-a7845030,27a16766-d861-43d6-8a84-7ce0ecba850d_dp0,0,14,1779995709.0084977,1779995709.017514,9.016275405883789
1,chatcmpl-039389a9-1e45-42dc-b975-d3abf752147b-b85afcb5,27a16766-d861-43d6-8a84-7ce0ecba850d_dp1,0,40,1779995709.1375916,1779995709.153197,15.605449676513672
0,chatcmpl-6f1b8387-f3f3-4d6a-98c1-eefef65cb55f-b60fd80d,27a16766-d861-43d6-8a84-7ce0ecba850d_dp0,0,2,1779995709.180199,1779995709.180707,0.5080699920654297
0,chatcmpl-7abce6d4-ef3b-49b6-a1ce-65c09ead7c9c-97a32ebd,27a16766-d861-43d6-8a84-7ce0ecba850d_dp1,0,3,1779995709.3080547,1779995709.308552,0.4973411560058594
1,chatcmpl-51acecc2-da93-4232-b6b8-08a1e6bef74d-99cdec2a,27a16766-d861-43d6-8a84-7ce0ecba850d_dp0,0,4,1779995709.4316983,1779995709.4320853,0.38695335388183594
0,chatcmpl-e38dc5eb-a42e-4e3f-84d4-cb0838c618c1-9433fd34,27a16766-d861-43d6-8a84-7ce0ecba850d_dp1,0,4,1779995709.5348108,1779995709.5353436,0.5328655242919922
1,chatcmpl-9aa28d07-17ee-4dd9-a5e6-5c1494d8a46f-b2df2fd1,27a16766-d861-43d6-8a84-7ce0ecba850d_dp0,0,14,1779995709.6301472,1779995709.6387646,8.617401123046875
1,chatcmpl-184d470b-9e87-4939-b542-80877b7e448d-9639900d,27a16766-d861-43d6-8a84-7ce0ecba850d_dp1,0,2,1779995709.6527555,1779995709.6531518,0.3962516784667969
0,chatcmpl-56a72702-2927-43a8-a05e-a341ec5a9ad1-9105f84f,27a16766-d861-43d6-8a84-7ce0ecba850d_dp0,0,2,1779995709.6916735,1779995709.692184,0.5104541778564453
1,chatcmpl-1f4fe77c-591d-4d85-9d6c-e9c8ad0793f5-aaace2b4,27a16766-d861-43d6-8a84-7ce0ecba850d_dp0,0,2,1779995709.704316,1779995709.7046862,0.37026405334472656
0,chatcmpl-c5fabb98-b5cc-46a7-9650-32b1e3066368-ba3b4664,27a16766-d861-43d6-8a84-7ce0ecba850d_dp1,0,5,1779995709.7973938,1779995709.797925,0.5311965942382812
0,chatcmpl-cf7437a5-4a23-4358-8fcc-f6a4520262b3-8c5bffa9,27a16766-d861-43d6-8a84-7ce0ecba850d_dp1,0,4,1779995709.8342378,1779995709.834763,0.5252361297607422
1,chatcmpl-04fb42eb-5615-497d-8aac-999092a51ff8-a27cea57,27a16766-d861-43d6-8a84-7ce0ecba850d_dp0,0,3,1779995709.857092,1779995709.8574893,0.3974437713623047
1,chatcmpl-756ff411-3175-476d-896d-b4cf52b06bed-a37f60c5,27a16766-d861-43d6-8a84-7ce0ecba850d_dp1,0,39,1779995709.9641683,1779995709.9803317,16.163349151611328
1,chatcmpl-fbafb464-1d4c-44ff-9b22-1bc310d4a14f-9632e351,27a16766-d861-43d6-8a84-7ce0ecba850d_dp1,0,3,1779995709.9695287,1779995709.9929519,23.423194885253906
0,chatcmpl-fc96a94e-4369-4863-879e-937f98f38dd2-8dea3f12,27a16766-d861-43d6-8a84-7ce0ecba850d_dp0,0,5,1779995709.974172,1779995709.9746752,0.5030632019042969
0,chatcmpl-2c8c8308-c7d3-4232-b893-df309da23c60-9ddf2fbc,27a16766-d861-43d6-8a84-7ce0ecba850d_dp1,0,33,1779995710.0991535,1779995710.11968,20.526409149169922
1,chatcmpl-f71161a0-0ae7-46ba-96b9-fd6b908ebe65-aaf5871e,27a16766-d861-43d6-8a84-7ce0ecba850d_dp0,0,3,1779995710.1093009,1779995710.1096876,0.3867149353027344
0,chatcmpl-15cc0174-ef13-4652-9db8-6b9098ac4c51-aedbb4b9,27a16766-d861-43d6-8a84-7ce0ecba850d_dp1,0,2,1779995710.1353416,1779995710.1358583,0.5166530609130859
1,chatcmpl-b5c9c6aa-f8ea-419e-9114-93ab0dc4583c-af66f4f9,27a16766-d861-43d6-8a84-7ce0ecba850d_dp0,0,4,1779995710.136325,1779995710.1367593,0.4343986511230469
1,chatcmpl-8f3fcafa-cdd2-4a05-8089-56e5fcc994f5-a911aa2d,27a16766-d861-43d6-8a84-7ce0ecba850d_dp0,0,43,1779995710.2293525,1779995710.2502875,20.93505859375
0,chatcmpl-9e71cfc3-b77e-48b2-8f10-318f3bf84bd0-89abc516,27a16766-d861-43d6-8a84-7ce0ecba850d_dp1,0,2,1779995710.236227,1779995710.2367492,0.5221366882324219
1,chatcmpl-f26c73dd-450a-4b27-b090-1f66d0ed52b3-818137a7,27a16766-d861-43d6-8a84-7ce0ecba850d_dp0,0,15,1779995710.2498937,1779995710.2583675,8.473873138427734
0,chatcmpl-084fa7f5-4c3c-4a75-afd2-0047cff55c8e-aafd42ee,27a16766-d861-43d6-8a84-7ce0ecba850d_dp1,0,2,1779995710.299537,1779995710.3000765,0.5395412445068359
1,chatcmpl-6e25e2d3-e2e3-4c34-89da-983958406322-b2054e88,27a16766-d861-43d6-8a84-7ce0ecba850d_dp0,0,48,1779995710.4472091,1779995710.462422,15.212774276733398
0,chatcmpl-24161d88-789c-4ffb-91f9-ab6702752035-b5d026e3,27a16766-d861-43d6-8a84-7ce0ecba850d_dp0,0,18,1779995710.4662993,1779995710.475045,8.745670318603516
1,chatcmpl-641468f2-b3dc-4872-9c32-b393c3d5d486-80020ae4,27a16766-d861-43d6-8a84-7ce0ecba850d_dp1,0,2,1779995710.578057,1779995710.5785484,0.4913806915283203
0,chatcmpl-e8ec7f78-9bad-466c-9d02-5cd2ca65a888-a7e19f90,27a16766-d861-43d6-8a84-7ce0ecba850d_dp0,0,2,1779995710.6038764,1779995710.6043768,0.5004405975341797
0,chatcmpl-10dc1e43-32ed-4067-b4ee-28b01dec1c99-8aa18738,27a16766-d861-43d6-8a84-7ce0ecba850d_dp1,0,14,1779995710.7185135,1779995710.7276578,9.144306182861328
1,chatcmpl-ffd36dc6-24cd-4e36-ad0e-7ac3030b655a-88a13aea,27a16766-d861-43d6-8a84-7ce0ecba850d_dp0,0,2,1779995710.7805445,1779995710.781063,0.5185604095458984
0,chatcmpl-c81accc6-fb4b-4649-a2ab-6527ec9f9e68-9306fc77,27a16766-d861-43d6-8a84-7ce0ecba850d_dp0,0,48,1779995710.7964191,1779995710.8149164,18.497228622436523
1,chatcmpl-cf156fd6-8a79-40b3-9fb7-2b95bb601b4a-9ca0933b,27a16766-d861-43d6-8a84-7ce0ecba850d_dp1,0,2,1779995710.802144,1779995710.8026154,0.47135353088378906
1,chatcmpl-f38cb8c6-703a-4aa2-af0e-f9aa154f6d63-98c6e175,27a16766-d861-43d6-8a84-7ce0ecba850d_dp1,0,1,1779995710.81258,1779995710.8130643,0.48422813415527344
0,chatcmpl-ac32d83a-0284-4967-8c1e-d87a9132fb90-b350fb31,27a16766-d861-43d6-8a84-7ce0ecba850d_dp1,0,2,1779995710.8144102,1779995710.8149233,0.5130767822265625
1,chatcmpl-1b1cc13d-e028-435d-b56a-fcb452d1bdeb-a13ce8ed,27a16766-d861-43d6-8a84-7ce0ecba850d_dp0,0,28,1779995710.8441877,1779995710.8633864,19.19865608215332
0,chatcmpl-82e0e32c-81cb-4b67-8474-421d205d1184-a7f4723c,27a16766-d861-43d6-8a84-7ce0ecba850d_dp1,0,2,1779995710.8532403,1779995710.8537533,0.5130767822265625
0,chatcmpl-2a416f88-8b7c-4fb8-94ee-69975fa21ba0-8c806e28,27a16766-d861-43d6-8a84-7ce0ecba850d_dp0,0,51,1779995710.9329138,1779995710.9521346,19.220829010009766
1,chatcmpl-ee8fa52f-7f04-4d12-9465-31b8c854b176-a593ee34,27a16766-d861-43d6-8a84-7ce0ecba850d_dp1,0,2,1779995710.9378633,1779995710.938275,0.41174888610839844
0,chatcmpl-7556459c-06f3-4fc4-a706-160d793287be-9bbe05ce,27a16766-d861-43d6-8a84-7ce0ecba850d_dp0,0,11,1779995710.951568,1779995710.9610639,9.495973587036133
1,chatcmpl-fcf3a8d7-fb07-4f62-bf83-2e70ea4e0867-b5c7f9fc,27a16766-d861-43d6-8a84-7ce0ecba850d_dp0,0,17,1779995710.9925847,1779995710.9988363,6.25157356262207
1,chatcmpl-164375e3-bbde-435b-899a-7bb86dcee285-92495a75,27a16766-d861-43d6-8a84-7ce0ecba850d_dp0,0,30,1779995711.0799608,1779995711.0999112,19.950389862060547
0,chatcmpl-c9381a81-f68b-4076-8647-eb3b14aa06f5-ab73c7e0,27a16766-d861-43d6-8a84-7ce0ecba850d_dp1,0,19,1779995711.2560294,1779995711.2649891,8.959770202636719
1,chatcmpl-7654b2f6-7af6-4ef9-a32b-b916fecb7826-afaa5ada,27a16766-d861-43d6-8a84-7ce0ecba850d_dp0,0,16,1779995711.2833836,1779995711.2903335,6.949901580810547
0,chatcmpl-3b135ee5-4249-4023-ba3f-8389b7a96347-accfdde8,27a16766-d861-43d6-8a84-7ce0ecba850d_dp1,0,4,1779995711.295702,1779995711.2962387,0.5366802215576172
1,chatcmpl-921f0a0a-fd12-49b1-8837-121ecc1f4148-8f390bf6,27a16766-d861-43d6-8a84-7ce0ecba850d_dp0,0,2,1779995711.3038821,1779995711.3042707,0.3886222839355469
0,chatcmpl-ad5545f0-39bb-4eb4-9e48-a888af4d2fa4-95ba244e,27a16766-d861-43d6-8a84-7ce0ecba850d_dp1,0,3,1779995711.3060617,1779995711.3065815,0.5197525024414062
1,chatcmpl-a3bb2c04-82c1-491c-b6d8-be2304e952d7-a10fe6ae,27a16766-d861-43d6-8a84-7ce0ecba850d_dp0,0,2,1779995711.3172123,1779995711.317603,0.39076805114746094
0,chatcmpl-a3eebfe0-e1c7-40fc-bbef-1a73e4405614-ae971ea9,27a16766-d861-43d6-8a84-7ce0ecba850d_dp0,0,9,1779995711.5560803,1779995711.5564215,0.34117698669433594
0,chatcmpl-1610e0be-d534-4421-ba35-a371a619647f-9d053039,27a16766-d861-43d6-8a84-7ce0ecba850d_dp0,0,1,1779995711.5845182,1779995711.5850472,0.5290508270263672
1,chatcmpl-470021c9-5128-412f-ae55-5007aec5ef8f-823ca75b,27a16766-d861-43d6-8a84-7ce0ecba850d_dp1,0,32,1779995711.5893986,1779995711.609693,20.2944278717041
0,chatcmpl-6a1b804f-6540-4a9d-9020-ebd34c271541-8593855f,27a16766-d861-43d6-8a84-7ce0ecba850d_dp1,0,13,1779995711.676467,1779995711.6862335,9.766578674316406
0,chatcmpl-45e09502-aadf-45d1-a5a3-0e32e38a2566-877872a4,27a16766-d861-43d6-8a84-7ce0ecba850d_dp0,0,2,1779995711.8032038,1779995711.8036966,0.4928112030029297
1,chatcmpl-f3f063c6-264b-4764-80c7-96c5408156cb-ab08e961,27a16766-d861-43d6-8a84-7ce0ecba850d_dp1,0,1,1779995711.812703,1779995711.8131058,0.4029273986816406
0,chatcmpl-9d7e2884-3222-4b69-ae24-ad0f50272246-9c952a92,27a16766-d861-43d6-8a84-7ce0ecba850d_dp1,0,15,1779995711.8923867,1779995711.9013004,8.913755416870117
0,chatcmpl-6862912b-a054-451b-966e-d79074bad30e-aab9f5b7,27a16766-d861-43d6-8a84-7ce0ecba850d_dp0,0,21,1779995711.9308517,1779995711.9391866,8.334875106811523
1,chatcmpl-57e044fe-07aa-4bfb-824b-e1116340025b-a104578c,27a16766-d861-43d6-8a84-7ce0ecba850d_dp1,0,12,1779995712.031728,1779995712.0399287,8.200645446777344
0,chatcmpl-cf7cdaf0-0439-45da-962b-7ece89f12bae-990684d3,27a16766-d861-43d6-8a84-7ce0ecba850d_dp0,0,5,1779995712.0852647,1779995712.0857818,0.5171298980712891
1,chatcmpl-cbdd679c-4cdd-4cf3-a6b3-ce50fe555f3c-bcc5b36f,27a16766-d861-43d6-8a84-7ce0ecba850d_dp1,0,2,1779995712.104869,1779995712.1052604,0.3914833068847656
1,chatcmpl-840ee2b4-221c-4222-a4e2-ed64cd78635a-8ad8ff7b,27a16766-d861-43d6-8a84-7ce0ecba850d_dp0,0,5,1779995712.121048,1779995712.1214416,0.3936290740966797
0,chatcmpl-4b8d877c-1bb8-4568-8b8a-0f25ecdcc33b-b2fcdb35,27a16766-d861-43d6-8a84-7ce0ecba850d_dp0,0,2,1779995712.131175,1779995712.1317084,0.5333423614501953
1,chatcmpl-817ae67f-04ac-4f7f-8d99-ab0ddc16d98c-a5adcbd5,27a16766-d861-43d6-8a84-7ce0ecba850d_dp1,0,24,1779995712.1859665,1779995712.2047603,18.793821334838867
1,chatcmpl-01297697-167b-4962-b9cb-1b439304395e-a7535796,27a16766-d861-43d6-8a84-7ce0ecba850d_dp0,0,15,1779995712.2481847,1779995712.255398,7.213354110717773
0,chatcmpl-9955e7ad-f65d-430b-85d9-7ac746a008a0-a03afa9a,27a16766-d861-43d6-8a84-7ce0ecba850d_dp1,0,5,1779995712.2875214,1779995712.2880597,0.5383491516113281
1,chatcmpl-bfe78cc8-137f-4519-a7a1-eb674198f76b-a5832e89,27a16766-d861-43d6-8a84-7ce0ecba850d_dp0,0,2,1779995712.295051,1779995712.2954264,0.3752708435058594
0,chatcmpl-9e8af1d8-5ccc-4aa3-a48b-bfe8ea794b97-9c0111aa,27a16766-d861-43d6-8a84-7ce0ecba850d_dp1,0,32,1779995712.348681,1779995712.369653,20.972013473510742
1,chatcmpl-b017af80-4b31-402f-ab36-ae82963608fb-8d3563dd,27a16766-d861-43d6-8a84-7ce0ecba850d_dp0,0,2,1779995712.39669,1779995712.3970962,0.4062652587890625
1,chatcmpl-7540db17-e11e-42a0-82bd-c6267249dcc8-9095be73,27a16766-d861-43d6-8a84-7ce0ecba850d_dp1,0,22,1779995712.4381857,1779995712.4506407,12.454986572265625
1,chatcmpl-9bea701f-93d8-40f4-8a20-1ae31a970ac3-b5b2ec51,27a16766-d861-43d6-8a84-7ce0ecba850d_dp0,0,12,1779995712.4502244,1779995712.458713,8.488655090332031
0,chatcmpl-8e47483c-114f-4034-983c-a06f5f63d7ec-9ce1a8c6,27a16766-d861-43d6-8a84-7ce0ecba850d_dp1,0,2,1779995712.4613056,1779995712.461804,0.4982948303222656
1,chatcmpl-f388010b-5f1c-4fab-b3e2-82b3d236e851-a7ec5107,27a16766-d861-43d6-8a84-7ce0ecba850d_dp0,0,5,1779995712.4894967,1779995712.489915,0.4181861877441406
0,chatcmpl-a392e6fa-f7b3-4700-97f8-e93050bae0e9-b6df915e,27a16766-d861-43d6-8a84-7ce0ecba850d_dp1,0,45,1779995712.564773,1779995712.582894,18.121004104614258
1,chatcmpl-225ad97b-1b46-49bf-ab31-25a10a3d2e82-9dea9aed,27a16766-d861-43d6-8a84-7ce0ecba850d_dp0,0,17,1779995712.572273,1779995712.587598,15.325069427490234
0,chatcmpl-ce1aeb9e-ac53-4f86-9041-ffdac41dbde5-a6b72796,27a16766-d861-43d6-8a84-7ce0ecba850d_dp0,0,2,1779995712.5823648,1779995712.5829043,0.5395412445068359
1,chatcmpl-fd96b737-7648-4196-bb16-44f087a9c385-a82a74b2,27a16766-d861-43d6-8a84-7ce0ecba850d_dp1,0,7,1779995712.5872097,1779995712.5876055,0.39577484130859375
0,chatcmpl-de6b11e0-6580-4e1d-a974-4d27c187bc5f-8b8d68eb,27a16766-d861-43d6-8a84-7ce0ecba850d_dp0,0,8,1779995712.6295264,1779995712.6298845,0.3581047058105469
1,chatcmpl-29778b26-1d8f-46ff-a2b3-9cf2e8e92162-af53dbf8,27a16766-d861-43d6-8a84-7ce0ecba850d_dp1,0,11,1779995712.6487694,1779995712.6575975,8.828163146972656
